"filename", "language", "C#", "C++", "C", "Python", "XML", "HTML", "CSS", "Java", "JavaScript", "Draw.io", "JSON", "Objective-C", "Markdown", "Batch", "comment", "blank", "total"
"c:\Users\F_CIL\ProjectFC\CodeForVSC\1.两数之和.cpp", "C++", 0, 17, 0, 0, 0, 0, 0, 0, 0, 0, 0, 0, 0, 0, 7, 4, 28
"c:\Users\F_CIL\ProjectFC\CodeForVSC\1.两数之和.cs", "C#", 4, 0, 0, 0, 0, 0, 0, 0, 0, 0, 0, 0, 0, 0, 7, 4, 15
"c:\Users\F_CIL\ProjectFC\CodeForVSC\10.正则表达式匹配.cs", "C#", 24, 0, 0, 0, 0, 0, 0, 0, 0, 0, 0, 0, 0, 0, 7, 6, 37
"c:\Users\F_CIL\ProjectFC\CodeForVSC\1035.不相交的线.cs", "C#", 24, 0, 0, 0, 0, 0, 0, 0, 0, 0, 0, 0, 0, 0, 7, 6, 37
"c:\Users\F_CIL\ProjectFC\CodeForVSC\1041.困于环中的机器人.cpp", "C++", 0, 5, 0, 0, 0, 0, 0, 0, 0, 0, 0, 0, 0, 0, 7, 4, 16
"c:\Users\F_CIL\ProjectFC\CodeForVSC\1074.元素和为目标值的子矩阵数量.cs", "C#", 23, 0, 0, 0, 0, 0, 0, 0, 0, 0, 0, 0, 0, 0, 7, 8, 38
"c:\Users\F_CIL\ProjectFC\CodeForVSC\1190.反转每对括号间的子串.cs", "C#", 22, 0, 0, 0, 0, 0, 0, 0, 0, 0, 0, 0, 0, 0, 11, 8, 41
"c:\Users\F_CIL\ProjectFC\CodeForVSC\12.整数转罗马数字.cs", "C#", 67, 0, 0, 0, 0, 0, 0, 0, 0, 0, 0, 0, 0, 0, 7, 4, 78
"c:\Users\F_CIL\ProjectFC\CodeForVSC\1239.串联字符串的最大长度.cs", "C#", 35, 0, 0, 0, 0, 0, 0, 0, 0, 0, 0, 0, 0, 0, 7, 7, 49
"c:\Users\F_CIL\ProjectFC\CodeForVSC\124.二叉树中的最大路径和.cs", "C#", 35, 0, 0, 0, 0, 0, 0, 0, 0, 0, 0, 0, 0, 0, 22, 8, 65
"c:\Users\F_CIL\ProjectFC\CodeForVSC\1269.停在原地的方案数.cs", "C#", 26, 0, 0, 0, 0, 0, 0, 0, 0, 0, 0, 0, 0, 0, 7, 6, 39
"c:\Users\F_CIL\ProjectFC\CodeForVSC\13.罗马数字转整数.cs", "C#", 31, 0, 0, 0, 0, 0, 0, 0, 0, 0, 0, 0, 0, 0, 7, 8, 46
"c:\Users\F_CIL\ProjectFC\CodeForVSC\1310.子数组异或查询.cs", "C#", 20, 0, 0, 0, 0, 0, 0, 0, 0, 0, 0, 0, 0, 0, 7, 7, 34
"c:\Users\F_CIL\ProjectFC\CodeForVSC\141.环形链表.cs", "C#", 27, 0, 0, 0, 0, 0, 0, 0, 0, 0, 0, 0, 0, 0, 27, 8, 62
"c:\Users\F_CIL\ProjectFC\CodeForVSC\1442.形成两个异或相等数组的三元组数目.cs", "C#", 23, 0, 0, 0, 0, 0, 0, 0, 0, 0, 0, 0, 0, 0, 7, 7, 37
"c:\Users\F_CIL\ProjectFC\CodeForVSC\1449.数位成本和为目标值的最大数字.cs", "C#", 19, 0, 0, 0, 0, 0, 0, 0, 0, 0, 0, 0, 0, 0, 7, 9, 35
"c:\Users\F_CIL\ProjectFC\CodeForVSC\146.lru-缓存.cs", "C#", 245, 0, 0, 0, 0, 0, 0, 0, 0, 0, 0, 0, 0, 0, 78, 39, 362
"c:\Users\F_CIL\ProjectFC\CodeForVSC\1482.制作-m-束花所需的最少天数.cs", "C#", 41, 0, 0, 0, 0, 0, 0, 0, 0, 0, 0, 0, 0, 0, 7, 7, 55
"c:\Users\F_CIL\ProjectFC\CodeForVSC\1486.数组异或操作.cs", "C#", 11, 0, 0, 0, 0, 0, 0, 0, 0, 0, 0, 0, 0, 0, 7, 3, 21
"c:\Users\F_CIL\ProjectFC\CodeForVSC\149.直线上最多的点数.cs", "C#", 44, 0, 0, 0, 0, 0, 0, 0, 0, 0, 0, 0, 0, 0, 24, 12, 80
"c:\Users\F_CIL\ProjectFC\CodeForVSC\151.翻转字符串里的单词.cs", "C#", 15, 0, 0, 0, 0, 0, 0, 0, 0, 0, 0, 0, 0, 0, 7, 5, 27
"c:\Users\F_CIL\ProjectFC\CodeForVSC\160.相交链表.cs", "C#", 13, 0, 0, 0, 0, 0, 0, 0, 0, 0, 0, 0, 0, 0, 22, 9, 44
"c:\Users\F_CIL\ProjectFC\CodeForVSC\1723.完成所有工作的最短时间.cs", "C#", 34, 0, 0, 0, 0, 0, 0, 0, 0, 0, 0, 0, 0, 0, 52, 21, 107
"c:\Users\F_CIL\ProjectFC\CodeForVSC\1734.解码异或后的排列.cs", "C#", 15, 0, 0, 0, 0, 0, 0, 0, 0, 0, 0, 0, 0, 0, 7, 7, 29
"c:\Users\F_CIL\ProjectFC\CodeForVSC\1738.找出第-k-大的异或坐标值.cs", "C#", 24, 0, 0, 0, 0, 0, 0, 0, 0, 0, 0, 0, 0, 0, 22, 11, 57
"c:\Users\F_CIL\ProjectFC\CodeForVSC\1744.你能在你最喜欢的那天吃到你最喜欢的糖果吗？.cs", "C#", 26, 0, 0, 0, 0, 0, 0, 0, 0, 0, 0, 0, 0, 0, 11, 9, 46
"c:\Users\F_CIL\ProjectFC\CodeForVSC\1787.使所有区间的异或结果为零.cs", "C#", 32, 0, 0, 0, 0, 0, 0, 0, 0, 0, 0, 0, 0, 0, 7, 6, 45
"c:\Users\F_CIL\ProjectFC\CodeForVSC\1818.绝对差值和.cs", "C#", 31, 0, 0, 0, 0, 0, 0, 0, 0, 0, 0, 0, 0, 0, 8, 7, 46
"c:\Users\F_CIL\ProjectFC\CodeForVSC\1848.到目标元素的最小距离.cs", "C#", 12, 0, 0, 0, 0, 0, 0, 0, 0, 0, 0, 0, 0, 0, 7, 4, 23
"c:\Users\F_CIL\ProjectFC\CodeForVSC\1849.将字符串拆分为递减的连续值.cs", "C#", 48, 0, 0, 0, 0, 0, 0, 0, 0, 0, 0, 0, 0, 0, 7, 13, 68
"c:\Users\F_CIL\ProjectFC\CodeForVSC\1850.邻位交换的最小次数.cs", "C#", 6, 0, 0, 0, 0, 0, 0, 0, 0, 0, 0, 0, 0, 0, 7, 4, 17
"c:\Users\F_CIL\ProjectFC\CodeForVSC\1851.包含每个查询的最小区间.cs", "C#", 6, 0, 0, 0, 0, 0, 0, 0, 0, 0, 0, 0, 0, 0, 7, 4, 17
"c:\Users\F_CIL\ProjectFC\CodeForVSC\1854.人口最多的年份.cs", "C#", 22, 0, 0, 0, 0, 0, 0, 0, 0, 0, 0, 0, 0, 0, 7, 6, 35
"c:\Users\F_CIL\ProjectFC\CodeForVSC\1855.下标对中的最大距离.cs", "C#", 17, 0, 0, 0, 0, 0, 0, 0, 0, 0, 0, 0, 0, 0, 7, 6, 30
"c:\Users\F_CIL\ProjectFC\CodeForVSC\1856.子数组最小乘积的最大值.cs", "C#", 49, 0, 0, 0, 0, 0, 0, 0, 0, 0, 0, 0, 0, 0, 9, 17, 75
"c:\Users\F_CIL\ProjectFC\CodeForVSC\1857.有向图中最大颜色值.cs", "C#", 69, 0, 0, 0, 0, 0, 0, 0, 0, 0, 0, 0, 0, 0, 8, 20, 97
"c:\Users\F_CIL\ProjectFC\CodeForVSC\191.位-1-的个数.cs", "C#", 14, 0, 0, 0, 0, 0, 0, 0, 0, 0, 0, 0, 0, 0, 7, 5, 26
"c:\Users\F_CIL\ProjectFC\CodeForVSC\198.打家劫舍.cs", "C#", 20, 0, 0, 0, 0, 0, 0, 0, 0, 0, 0, 0, 0, 0, 7, 5, 32
"c:\Users\F_CIL\ProjectFC\CodeForVSC\2.1.1.cpp", "C++", 0, 64, 0, 0, 0, 0, 0, 0, 0, 0, 0, 0, 0, 0, 0, 2, 66
"c:\Users\F_CIL\ProjectFC\CodeForVSC\20.有效的括号.cs", "C#", 24, 0, 0, 0, 0, 0, 0, 0, 0, 0, 0, 0, 0, 0, 7, 11, 42
"c:\Users\F_CIL\ProjectFC\CodeForVSC\2018ClonedCCb.cpp", "C++", 0, 55, 0, 0, 0, 0, 0, 0, 0, 0, 0, 0, 0, 0, 18, 8, 81
"c:\Users\F_CIL\ProjectFC\CodeForVSC\2018ClonedCCf.cpp", "C++", 0, 43, 0, 0, 0, 0, 0, 0, 0, 0, 0, 0, 0, 0, 0, 3, 46
"c:\Users\F_CIL\ProjectFC\CodeForVSC\2021CCPCWebPreA.cpp", "C++", 0, 57, 0, 0, 0, 0, 0, 0, 0, 0, 0, 0, 0, 0, 20, 12, 89
"c:\Users\F_CIL\ProjectFC\CodeForVSC\2021CCPCWebPreB.cpp", "C++", 0, 86, 0, 0, 0, 0, 0, 0, 0, 0, 0, 0, 0, 0, 0, 17, 103
"c:\Users\F_CIL\ProjectFC\CodeForVSC\2021CCPCWebPreF.cpp", "C++", 0, 61, 0, 0, 0, 0, 0, 0, 0, 0, 0, 0, 0, 0, 0, 10, 71
"c:\Users\F_CIL\ProjectFC\CodeForVSC\203.移除链表元素.cs", "C#", 17, 0, 0, 0, 0, 0, 0, 0, 0, 0, 0, 0, 0, 0, 18, 5, 40
"c:\Users\F_CIL\ProjectFC\CodeForVSC\206.反转链表.cs", "C#", 19, 0, 0, 0, 0, 0, 0, 0, 0, 0, 0, 0, 0, 0, 19, 7, 45
"c:\Users\F_CIL\ProjectFC\CodeForVSC\21.合并两个有序链表.cs", "C#", 24, 0, 0, 0, 0, 0, 0, 0, 0, 0, 0, 0, 0, 0, 18, 7, 49
"c:\Users\F_CIL\ProjectFC\CodeForVSC\214.最短回文串.cs", "C#", 4, 0, 0, 0, 0, 0, 0, 0, 0, 0, 0, 0, 0, 0, 7, 4, 15
"c:\Users\F_CIL\ProjectFC\CodeForVSC\215.数组中的第k个最大元素.cs", "C#", 8, 0, 0, 0, 0, 0, 0, 0, 0, 0, 0, 0, 0, 0, 12, 4, 24
"c:\Users\F_CIL\ProjectFC\CodeForVSC\224.基本计算器.cs", "C#", 6, 0, 0, 0, 0, 0, 0, 0, 0, 0, 0, 0, 0, 0, 7, 4, 17
"c:\Users\F_CIL\ProjectFC\CodeForVSC\231.2-的幂.cs", "C#", 8, 0, 0, 0, 0, 0, 0, 0, 0, 0, 0, 0, 0, 0, 7, 3, 18
"c:\Users\F_CIL\ProjectFC\CodeForVSC\236.二叉树的最近公共祖先.cs", "C#", 73, 0, 0, 0, 0, 0, 0, 0, 0, 0, 0, 0, 0, 0, 20, 12, 105
"c:\Users\F_CIL\ProjectFC\CodeForVSC\274.h-指数.cs", "C#", 22, 0, 0, 0, 0, 0, 0, 0, 0, 0, 0, 0, 0, 0, 7, 7, 36
"c:\Users\F_CIL\ProjectFC\CodeForVSC\275.h-指数-ii.cs", "C#", 21, 0, 0, 0, 0, 0, 0, 0, 0, 0, 0, 0, 0, 0, 7, 6, 34
"c:\Users\F_CIL\ProjectFC\CodeForVSC\278.第一个错误的版本.cs", "C#", 18, 0, 0, 0, 0, 0, 0, 0, 0, 0, 0, 0, 0, 0, 9, 7, 34
"c:\Users\F_CIL\ProjectFC\CodeForVSC\279.完全平方数.cs", "C#", 16, 0, 0, 0, 0, 0, 0, 0, 0, 0, 0, 0, 0, 0, 11, 6, 33
"c:\Users\F_CIL\ProjectFC\CodeForVSC\292.nim-游戏.cs", "C#", 9, 0, 0, 0, 0, 0, 0, 0, 0, 0, 0, 0, 0, 0, 7, 5, 21
"c:\Users\F_CIL\ProjectFC\CodeForVSC\297.二叉树的序列化与反序列化.cs", "C#", 80, 0, 0, 0, 0, 0, 0, 0, 0, 0, 0, 0, 0, 0, 23, 10, 113
"c:\Users\F_CIL\ProjectFC\CodeForVSC\3.无重复字符的最长子串.cs", "C#", 22, 0, 0, 0, 0, 0, 0, 0, 0, 0, 0, 0, 0, 0, 7, 4, 33
"c:\Users\F_CIL\ProjectFC\CodeForVSC\342.4-的幂.cs", "C#", 7, 0, 0, 0, 0, 0, 0, 0, 0, 0, 0, 0, 0, 0, 8, 3, 18
"c:\Users\F_CIL\ProjectFC\CodeForVSC\36.有效的数独.cs", "C#", 38, 0, 0, 0, 0, 0, 0, 0, 0, 0, 0, 0, 0, 0, 7, 10, 55
"c:\Users\F_CIL\ProjectFC\CodeForVSC\374.猜数字大小.cs", "C#", 20, 0, 0, 0, 0, 0, 0, 0, 0, 0, 0, 0, 0, 0, 15, 8, 43
"c:\Users\F_CIL\ProjectFC\CodeForVSC\4.寻找两个正序数组的中位数.cs", "C#", 75, 0, 0, 0, 0, 0, 0, 0, 0, 0, 0, 0, 0, 0, 10, 12, 97
"c:\Users\F_CIL\ProjectFC\CodeForVSC\421.数组中两个数的最大异或值.cs", "C#", 60, 0, 0, 0, 0, 0, 0, 0, 0, 0, 0, 0, 0, 0, 7, 12, 79
"c:\Users\F_CIL\ProjectFC\CodeForVSC\430.扁平化多级双向链表.cs", "C#", 45, 0, 0, 0, 0, 0, 0, 0, 0, 0, 0, 0, 0, 0, 16, 12, 73
"c:\Users\F_CIL\ProjectFC\CodeForVSC\446.等差数列划分-ii-子序列.cs", "C#", 28, 0, 0, 0, 0, 0, 0, 0, 0, 0, 0, 0, 0, 0, 9, 8, 45
"c:\Users\F_CIL\ProjectFC\CodeForVSC\450.删除二叉搜索树中的节点.cs", "C#", 104, 0, 0, 0, 0, 0, 0, 0, 0, 0, 0, 0, 0, 0, 20, 3, 127
"c:\Users\F_CIL\ProjectFC\CodeForVSC\46.全排列.cs", "C#", 35, 0, 0, 0, 0, 0, 0, 0, 0, 0, 0, 0, 0, 0, 7, 5, 47
"c:\Users\F_CIL\ProjectFC\CodeForVSC\461.汉明距离.cs", "C#", 13, 0, 0, 0, 0, 0, 0, 0, 0, 0, 0, 0, 0, 0, 7, 5, 25
"c:\Users\F_CIL\ProjectFC\CodeForVSC\474.一和零.cs", "C#", 17, 0, 0, 0, 0, 0, 0, 0, 0, 0, 0, 0, 0, 0, 7, 6, 30
"c:\Users\F_CIL\ProjectFC\CodeForVSC\477.汉明距离总和.cs", "C#", 27, 0, 0, 0, 0, 0, 0, 0, 0, 0, 0, 0, 0, 0, 14, 6, 47
"c:\Users\F_CIL\ProjectFC\CodeForVSC\48.旋转图像.cs", "C#", 27, 0, 0, 0, 0, 0, 0, 0, 0, 0, 0, 0, 0, 0, 9, 5, 41
"c:\Users\F_CIL\ProjectFC\CodeForVSC\486.预测赢家.cs", "C#", 16, 0, 0, 0, 0, 0, 0, 0, 0, 0, 0, 0, 0, 0, 7, 7, 30
"c:\Users\F_CIL\ProjectFC\CodeForVSC\494.目标和.cs", "C#", 31, 0, 0, 0, 0, 0, 0, 0, 0, 0, 0, 0, 0, 0, 7, 8, 46
"c:\Users\F_CIL\ProjectFC\CodeForVSC\5.最长回文子串.cs", "C#", 49, 0, 0, 0, 0, 0, 0, 0, 0, 0, 0, 0, 0, 0, 7, 12, 68
"c:\Users\F_CIL\ProjectFC\CodeForVSC\516.最长回文子序列.cs", "C#", 21, 0, 0, 0, 0, 0, 0, 0, 0, 0, 0, 0, 0, 0, 8, 8, 37
"c:\Users\F_CIL\ProjectFC\CodeForVSC\523.连续的子数组和.cs", "C#", 24, 0, 0, 0, 0, 0, 0, 0, 0, 0, 0, 0, 0, 0, 22, 7, 53
"c:\Users\F_CIL\ProjectFC\CodeForVSC\525.连续数组.cs", "C#", 19, 0, 0, 0, 0, 0, 0, 0, 0, 0, 0, 0, 0, 0, 7, 5, 31
"c:\Users\F_CIL\ProjectFC\CodeForVSC\53.最大子序和.cs", "C#", 14, 0, 0, 0, 0, 0, 0, 0, 0, 0, 0, 0, 0, 0, 7, 4, 25
"c:\Users\F_CIL\ProjectFC\CodeForVSC\53.最大子数组和.cs", "C#", 14, 0, 0, 0, 0, 0, 0, 0, 0, 0, 0, 0, 0, 0, 15, 6, 35
"c:\Users\F_CIL\ProjectFC\CodeForVSC\5_1.cpp", "C++", 0, 70, 0, 0, 0, 0, 0, 0, 0, 0, 0, 0, 0, 0, 39, 22, 131
"c:\Users\F_CIL\ProjectFC\CodeForVSC\5_3.cpp", "C++", 0, 54, 0, 0, 0, 0, 0, 0, 0, 0, 0, 0, 0, 0, 5, 15, 74
"c:\Users\F_CIL\ProjectFC\CodeForVSC\6.z-字形变换.cs", "C#", 33, 0, 0, 0, 0, 0, 0, 0, 0, 0, 0, 0, 0, 0, 7, 7, 47
"c:\Users\F_CIL\ProjectFC\CodeForVSC\621.任务调度器.cs", "C#", 29, 0, 0, 0, 0, 0, 0, 0, 0, 0, 0, 0, 0, 0, 7, 7, 43
"c:\Users\F_CIL\ProjectFC\CodeForVSC\639.解码方法-ii.cs", "C#", 55, 0, 0, 0, 0, 0, 0, 0, 0, 0, 0, 0, 0, 0, 7, 8, 70
"c:\Users\F_CIL\ProjectFC\CodeForVSC\673.最长递增子序列的个数.cs", "C#", 39, 0, 0, 0, 0, 0, 0, 0, 0, 0, 0, 0, 0, 0, 8, 9, 56
"c:\Users\F_CIL\ProjectFC\CodeForVSC\690.员工的重要性.cs", "C#", 36, 0, 0, 0, 0, 0, 0, 0, 0, 0, 0, 0, 0, 0, 27, 13, 76
"c:\Users\F_CIL\ProjectFC\CodeForVSC\692.前k个高频单词.cs", "C#", 24, 0, 0, 0, 0, 0, 0, 0, 0, 0, 0, 0, 0, 0, 8, 8, 40
"c:\Users\F_CIL\ProjectFC\CodeForVSC\7.整数反转.cs", "C#", 20, 0, 0, 0, 0, 0, 0, 0, 0, 0, 0, 0, 0, 0, 7, 8, 35
"c:\Users\F_CIL\ProjectFC\CodeForVSC\735.行星碰撞.cpp", "C++", 0, 5, 0, 0, 0, 0, 0, 0, 0, 0, 0, 0, 0, 0, 7, 4, 16
"c:\Users\F_CIL\ProjectFC\CodeForVSC\740.删除并获得点数.cs", "C#", 17, 0, 0, 0, 0, 0, 0, 0, 0, 0, 0, 0, 0, 0, 7, 7, 31
"c:\Users\F_CIL\ProjectFC\CodeForVSC\77.c", "C", 0, 0, 25, 0, 0, 0, 0, 0, 0, 0, 0, 0, 0, 0, 0, 7, 32
"c:\Users\F_CIL\ProjectFC\CodeForVSC\8.字符串转换整数-atoi.cs", "C#", 19, 0, 0, 0, 0, 0, 0, 0, 0, 0, 0, 0, 0, 0, 7, 4, 30
"c:\Users\F_CIL\ProjectFC\CodeForVSC\810.黑板异或游戏.cs", "C#", 13, 0, 0, 0, 0, 0, 0, 0, 0, 0, 0, 0, 0, 0, 7, 4, 24
"c:\Users\F_CIL\ProjectFC\CodeForVSC\852.山脉数组的峰顶索引.cs", "C#", 10, 0, 0, 0, 0, 0, 0, 0, 0, 0, 0, 0, 0, 0, 7, 4, 21
"c:\Users\F_CIL\ProjectFC\CodeForVSC\872.叶子相似的树.cs", "C#", 4, 0, 0, 0, 0, 0, 0, 0, 0, 0, 0, 0, 0, 0, 20, 4, 28
"c:\Users\F_CIL\ProjectFC\CodeForVSC\877.石子游戏.cs", "C#", 7, 0, 0, 0, 0, 0, 0, 0, 0, 0, 0, 0, 0, 0, 7, 3, 17
"c:\Users\F_CIL\ProjectFC\CodeForVSC\879.盈利计划.cs", "C#", 18, 0, 0, 0, 0, 0, 0, 0, 0, 0, 0, 0, 0, 0, 7, 6, 31
"c:\Users\F_CIL\ProjectFC\CodeForVSC\88.合并两个有序数组.cs", "C#", 17, 0, 0, 0, 0, 0, 0, 0, 0, 0, 0, 0, 0, 0, 7, 6, 30
"c:\Users\F_CIL\ProjectFC\CodeForVSC\887.鸡蛋掉落.cs", "C#", 41, 0, 0, 0, 0, 0, 0, 0, 0, 0, 0, 0, 0, 0, 14, 10, 65
"c:\Users\F_CIL\ProjectFC\CodeForVSC\9.回文数.cs", "C#", 16, 0, 0, 0, 0, 0, 0, 0, 0, 0, 0, 0, 0, 0, 7, 6, 29
"c:\Users\F_CIL\ProjectFC\CodeForVSC\993.二叉树的堂兄弟节点.cs", "C#", 42, 0, 0, 0, 0, 0, 0, 0, 0, 0, 0, 0, 0, 0, 20, 9, 71
"c:\Users\F_CIL\ProjectFC\CodeForVSC\A.cpp", "C++", 0, 108, 0, 0, 0, 0, 0, 0, 0, 0, 0, 0, 0, 0, 18, 9, 135
"c:\Users\F_CIL\ProjectFC\CodeForVSC\ADV_299.cpp", "C++", 0, 40, 0, 0, 0, 0, 0, 0, 0, 0, 0, 0, 0, 0, 7, 0, 47
"c:\Users\F_CIL\ProjectFC\CodeForVSC\Acw1.cpp", "C++", 0, 15, 0, 0, 0, 0, 0, 0, 0, 0, 0, 0, 0, 0, 0, 0, 15
"c:\Users\F_CIL\ProjectFC\CodeForVSC\Acw10.cpp", "C++", 0, 47, 0, 0, 0, 0, 0, 0, 0, 0, 0, 0, 0, 0, 0, 0, 47
"c:\Users\F_CIL\ProjectFC\CodeForVSC\Acw11.cpp", "C++", 0, 34, 0, 0, 0, 0, 0, 0, 0, 0, 0, 0, 0, 0, 13, 0, 47
"c:\Users\F_CIL\ProjectFC\CodeForVSC\Acw2.cpp", "C++", 0, 37, 0, 0, 0, 0, 0, 0, 0, 0, 0, 0, 0, 0, 0, 0, 37
"c:\Users\F_CIL\ProjectFC\CodeForVSC\Acw6.cpp", "C++", 0, 37, 0, 0, 0, 0, 0, 0, 0, 0, 0, 0, 0, 0, 0, 1, 38
"c:\Users\F_CIL\ProjectFC\CodeForVSC\Acw7.cpp", "C++", 0, 41, 0, 0, 0, 0, 0, 0, 0, 0, 0, 0, 0, 0, 0, 0, 41
"c:\Users\F_CIL\ProjectFC\CodeForVSC\Acw8.cpp", "C++", 0, 24, 0, 0, 0, 0, 0, 0, 0, 0, 0, 0, 0, 0, 0, 1, 25
"c:\Users\F_CIL\ProjectFC\CodeForVSC\Acw9.cpp", "C++", 0, 37, 0, 0, 0, 0, 0, 0, 0, 0, 0, 0, 0, 0, 0, 0, 37
"c:\Users\F_CIL\ProjectFC\CodeForVSC\Alhomework4_1.cpp", "C++", 0, 71, 0, 0, 0, 0, 0, 0, 0, 0, 0, 0, 0, 0, 0, 16, 87
"c:\Users\F_CIL\ProjectFC\CodeForVSC\Alhomework4_2.cpp", "C++", 0, 117, 0, 0, 0, 0, 0, 0, 0, 0, 0, 0, 0, 0, 8, 19, 144
"c:\Users\F_CIL\ProjectFC\CodeForVSC\Alhomework4_3.cpp", "C++", 0, 72, 0, 0, 0, 0, 0, 0, 0, 0, 0, 0, 0, 0, 46, 19, 137
"c:\Users\F_CIL\ProjectFC\CodeForVSC\Alhomework5_3.cpp", "C++", 0, 67, 0, 0, 0, 0, 0, 0, 0, 0, 0, 0, 0, 0, 0, 15, 82
"c:\Users\F_CIL\ProjectFC\CodeForVSC\Alhomework5_4.cpp", "C++", 0, 54, 0, 0, 0, 0, 0, 0, 0, 0, 0, 0, 0, 0, 0, 15, 69
"c:\Users\F_CIL\ProjectFC\CodeForVSC\Alhomework6_2.cpp", "C++", 0, 63, 0, 0, 0, 0, 0, 0, 0, 0, 0, 0, 0, 0, 20, 20, 103
"c:\Users\F_CIL\ProjectFC\CodeForVSC\Alhomework6_4.cpp", "C++", 0, 126, 0, 0, 0, 0, 0, 0, 0, 0, 0, 0, 0, 0, 17, 24, 167
"c:\Users\F_CIL\ProjectFC\CodeForVSC\Alhomework6_5.cpp", "C++", 0, 49, 0, 0, 0, 0, 0, 0, 0, 0, 0, 0, 0, 0, 0, 18, 67
"c:\Users\F_CIL\ProjectFC\CodeForVSC\Alhomework7_1.cpp", "C++", 0, 87, 0, 0, 0, 0, 0, 0, 0, 0, 0, 0, 0, 0, 14, 22, 123
"c:\Users\F_CIL\ProjectFC\CodeForVSC\Alhomework7_2.cpp", "C++", 0, 62, 0, 0, 0, 0, 0, 0, 0, 0, 0, 0, 0, 0, 8, 16, 86
"c:\Users\F_CIL\ProjectFC\CodeForVSC\Alhomework7_3.cpp", "C++", 0, 107, 0, 0, 0, 0, 0, 0, 0, 0, 0, 0, 0, 0, 0, 33, 140
"c:\Users\F_CIL\ProjectFC\CodeForVSC\Altest1.cpp", "C++", 0, 42, 0, 0, 0, 0, 0, 0, 0, 0, 0, 0, 0, 0, 1, 11, 54
"c:\Users\F_CIL\ProjectFC\CodeForVSC\Altest1.svg", "XML", 0, 0, 0, 0, 1, 0, 0, 0, 0, 0, 0, 0, 0, 0, 0, 0, 1
"c:\Users\F_CIL\ProjectFC\CodeForVSC\Altest2.cpp", "C++", 0, 50, 0, 0, 0, 0, 0, 0, 0, 0, 0, 0, 0, 0, 4, 15, 69
"c:\Users\F_CIL\ProjectFC\CodeForVSC\Altest2.svg", "XML", 0, 0, 0, 0, 1, 0, 0, 0, 0, 0, 0, 0, 0, 0, 0, 0, 1
"c:\Users\F_CIL\ProjectFC\CodeForVSC\Altest3.cpp", "C++", 0, 54, 0, 0, 0, 0, 0, 0, 0, 0, 0, 0, 0, 0, 8, 12, 74
"c:\Users\F_CIL\ProjectFC\CodeForVSC\Altest3.svg", "XML", 0, 0, 0, 0, 1, 0, 0, 0, 0, 0, 0, 0, 0, 0, 0, 0, 1
"c:\Users\F_CIL\ProjectFC\CodeForVSC\Altest4.cpp", "C++", 0, 46, 0, 0, 0, 0, 0, 0, 0, 0, 0, 0, 0, 0, 8, 15, 69
"c:\Users\F_CIL\ProjectFC\CodeForVSC\Altest4.svg", "XML", 0, 0, 0, 0, 1, 0, 0, 0, 0, 0, 0, 0, 0, 0, 0, 0, 1
"c:\Users\F_CIL\ProjectFC\CodeForVSC\Altest4_2.cpp", "C++", 0, 168, 0, 0, 0, 0, 0, 0, 0, 0, 0, 0, 0, 0, 45, 33, 246
"c:\Users\F_CIL\ProjectFC\CodeForVSC\Altest4_3.cpp", "C++", 0, 170, 0, 0, 0, 0, 0, 0, 0, 0, 0, 0, 0, 0, 14, 23, 207
"c:\Users\F_CIL\ProjectFC\CodeForVSC\Altest6_1.cpp", "C++", 0, 126, 0, 0, 0, 0, 0, 0, 0, 0, 0, 0, 0, 0, 17, 24, 167
"c:\Users\F_CIL\ProjectFC\CodeForVSC\Altest6_3.cpp", "C++", 0, 46, 0, 0, 0, 0, 0, 0, 0, 0, 0, 0, 0, 0, 7, 1, 54
"c:\Users\F_CIL\ProjectFC\CodeForVSC\Altest7_1.cpp", "C++", 0, 80, 0, 0, 0, 0, 0, 0, 0, 0, 0, 0, 0, 0, 10, 3, 93
"c:\Users\F_CIL\ProjectFC\CodeForVSC\Altest7_3.cpp", "C++", 0, 70, 0, 0, 0, 0, 0, 0, 0, 0, 0, 0, 0, 0, 2, 11, 83
"c:\Users\F_CIL\ProjectFC\CodeForVSC\Altest8_1.cpp", "C++", 0, 216, 0, 0, 0, 0, 0, 0, 0, 0, 0, 0, 0, 0, 3, 43, 262
"c:\Users\F_CIL\ProjectFC\CodeForVSC\Altest8_1plus.cpp", "C++", 0, 222, 0, 0, 0, 0, 0, 0, 0, 0, 0, 0, 0, 0, 7, 45, 274
"c:\Users\F_CIL\ProjectFC\CodeForVSC\Altest8_3.cpp", "C++", 0, 122, 0, 0, 0, 0, 0, 0, 0, 0, 0, 0, 0, 0, 11, 7, 140
"c:\Users\F_CIL\ProjectFC\CodeForVSC\Altest8_4.cpp", "C++", 0, 188, 0, 0, 0, 0, 0, 0, 0, 0, 0, 0, 0, 0, 9, 9, 206
"c:\Users\F_CIL\ProjectFC\CodeForVSC\Ans.md", "Markdown", 0, 0, 0, 0, 0, 0, 0, 0, 0, 0, 0, 0, 25, 0, 0, 3, 28
"c:\Users\F_CIL\ProjectFC\CodeForVSC\Array.cpp", "C++", 0, 48, 0, 0, 0, 0, 0, 0, 0, 0, 0, 0, 0, 0, 0, 10, 58
"c:\Users\F_CIL\ProjectFC\CodeForVSC\Atc147a.cpp", "C++", 0, 16, 0, 0, 0, 0, 0, 0, 0, 0, 0, 0, 0, 0, 0, 0, 16
"c:\Users\F_CIL\ProjectFC\CodeForVSC\Atc147b.cpp", "C++", 0, 19, 0, 0, 0, 0, 0, 0, 0, 0, 0, 0, 0, 0, 0, 0, 19
"c:\Users\F_CIL\ProjectFC\CodeForVSC\Atc147c.cpp", "C++", 0, 48, 0, 0, 0, 0, 0, 0, 0, 0, 0, 0, 0, 0, 0, 0, 48
"c:\Users\F_CIL\ProjectFC\CodeForVSC\Atc147d.cpp", "C++", 0, 40, 0, 0, 0, 0, 0, 0, 0, 0, 0, 0, 0, 0, 0, 0, 40
"c:\Users\F_CIL\ProjectFC\CodeForVSC\Atc147e.cpp", "C++", 0, 45, 0, 0, 0, 0, 0, 0, 0, 0, 0, 0, 0, 0, 0, 14, 59
"c:\Users\F_CIL\ProjectFC\CodeForVSC\Atc147f.cpp", "C++", 0, 21, 0, 0, 0, 0, 0, 0, 0, 0, 0, 0, 0, 0, 0, 1, 22
"c:\Users\F_CIL\ProjectFC\CodeForVSC\B.cpp", "C++", 0, 41, 0, 0, 0, 0, 0, 0, 0, 0, 0, 0, 0, 0, 0, 1, 42
"c:\Users\F_CIL\ProjectFC\CodeForVSC\Bellman-ford.cpp", "C++", 0, 60, 0, 0, 0, 0, 0, 0, 0, 0, 0, 0, 0, 0, 12, 15, 87
"c:\Users\F_CIL\ProjectFC\CodeForVSC\Bigint.cpp", "C++", 0, 448, 0, 0, 0, 0, 0, 0, 0, 0, 0, 0, 0, 0, 15, 3, 466
"c:\Users\F_CIL\ProjectFC\CodeForVSC\BinaryTree.cpp", "C++", 0, 136, 0, 0, 0, 0, 0, 0, 0, 0, 0, 0, 0, 0, 24, 25, 185
"c:\Users\F_CIL\ProjectFC\CodeForVSC\CCPC1_1002.cpp", "C++", 0, 71, 0, 0, 0, 0, 0, 0, 0, 0, 0, 0, 0, 0, 0, 3, 74
"c:\Users\F_CIL\ProjectFC\CodeForVSC\CCPC1_1007.cpp", "C++", 0, 52, 0, 0, 0, 0, 0, 0, 0, 0, 0, 0, 0, 0, 0, 0, 52
"c:\Users\F_CIL\ProjectFC\CodeForVSC\CCPC1_1010.cpp", "C++", 0, 54, 0, 0, 0, 0, 0, 0, 0, 0, 0, 0, 0, 0, 0, 1, 55
"c:\Users\F_CIL\ProjectFC\CodeForVSC\CCPC2021web4.cpp", "C++", 0, 21, 0, 0, 0, 0, 0, 0, 0, 0, 0, 0, 0, 0, 28, 7, 56
"c:\Users\F_CIL\ProjectFC\CodeForVSC\CF1200A.cpp", "C++", 0, 45, 0, 0, 0, 0, 0, 0, 0, 0, 0, 0, 0, 0, 0, 0, 45
"c:\Users\F_CIL\ProjectFC\CodeForVSC\CF1200B.cpp", "C++", 0, 46, 0, 0, 0, 0, 0, 0, 0, 0, 0, 0, 0, 0, 5, 0, 51
"c:\Users\F_CIL\ProjectFC\CodeForVSC\CF1200C.cpp", "C++", 0, 52, 0, 0, 0, 0, 0, 0, 0, 0, 0, 0, 0, 0, 8, 0, 60
"c:\Users\F_CIL\ProjectFC\CodeForVSC\CF1200D.cpp", "C++", 0, 36, 0, 0, 0, 0, 0, 0, 0, 0, 0, 0, 0, 0, 0, 0, 36
"c:\Users\F_CIL\ProjectFC\CodeForVSC\CF1200E.cpp", "C++", 0, 48, 0, 0, 0, 0, 0, 0, 0, 0, 0, 0, 0, 0, 15, 1, 64
"c:\Users\F_CIL\ProjectFC\CodeForVSC\CF1237D.cpp", "C++", 0, 83, 0, 0, 0, 0, 0, 0, 0, 0, 0, 0, 0, 0, 7, 2, 92
"c:\Users\F_CIL\ProjectFC\CodeForVSC\CLIENT.cpp", "C++", 0, 12, 0, 0, 0, 0, 0, 0, 0, 0, 0, 0, 0, 0, 0, 0, 12
"c:\Users\F_CIL\ProjectFC\CodeForVSC\CLIENT.h", "C++", 0, 19, 0, 0, 0, 0, 0, 0, 0, 0, 0, 0, 0, 0, 0, 0, 19
"c:\Users\F_CIL\ProjectFC\CodeForVSC\CSharp\CSharp.csproj", "XML", 0, 0, 0, 0, 8, 0, 0, 0, 0, 0, 0, 0, 0, 0, 0, 3, 11
"c:\Users\F_CIL\ProjectFC\CodeForVSC\CSharp\Program.cs", "C#", 46, 0, 0, 0, 0, 0, 0, 0, 0, 0, 0, 0, 0, 0, 16, 12, 74
"c:\Users\F_CIL\ProjectFC\CodeForVSC\CSharp\Solutions\ACAutomaton.cs", "C#", 92, 0, 0, 0, 0, 0, 0, 0, 0, 0, 0, 0, 0, 0, 26, 16, 134
"c:\Users\F_CIL\ProjectFC\CodeForVSC\CSharp\Solutions\Dijkstra.cs", "C#", 59, 0, 0, 0, 0, 0, 0, 0, 0, 0, 0, 0, 0, 0, 21, 15, 95
"c:\Users\F_CIL\ProjectFC\CodeForVSC\CSharp\Solutions\Extensions\Extensions.cs", "C#", 52, 0, 0, 0, 0, 0, 0, 0, 0, 0, 0, 0, 0, 0, 20, 9, 81
"c:\Users\F_CIL\ProjectFC\CodeForVSC\CSharp\Solutions\MaxWidthRamp.cs", "C#", 42, 0, 0, 0, 0, 0, 0, 0, 0, 0, 0, 0, 0, 0, 18, 10, 70
"c:\Users\F_CIL\ProjectFC\CodeForVSC\CSharp\Solutions\Watershed.cs", "C#", 79, 0, 0, 0, 0, 0, 0, 0, 0, 0, 0, 0, 0, 0, 28, 7, 114
"c:\Users\F_CIL\ProjectFC\CodeForVSC\Cf1030D.cpp", "C++", 0, 48, 0, 0, 0, 0, 0, 0, 0, 0, 0, 0, 0, 0, 0, 0, 48
"c:\Users\F_CIL\ProjectFC\CodeForVSC\CircularQueue.c", "C", 0, 0, 111, 0, 0, 0, 0, 0, 0, 0, 0, 0, 0, 0, 17, 23, 151
"c:\Users\F_CIL\ProjectFC\CodeForVSC\D.cpp", "C++", 0, 41, 0, 0, 0, 0, 0, 0, 0, 0, 0, 0, 0, 0, 0, 0, 41
"c:\Users\F_CIL\ProjectFC\CodeForVSC\Datamaker.cpp", "C++", 0, 24, 0, 0, 0, 0, 0, 0, 0, 0, 0, 0, 0, 0, 1, 10, 35
"c:\Users\F_CIL\ProjectFC\CodeForVSC\Db1.svg", "XML", 0, 0, 0, 0, 1, 0, 0, 0, 0, 0, 0, 0, 0, 0, 0, 0, 1
"c:\Users\F_CIL\ProjectFC\CodeForVSC\Db2.svg", "XML", 0, 0, 0, 0, 1, 0, 0, 0, 0, 0, 0, 0, 0, 0, 0, 0, 1
"c:\Users\F_CIL\ProjectFC\CodeForVSC\E.cpp", "C++", 0, 28, 0, 0, 0, 0, 0, 0, 0, 0, 0, 0, 0, 0, 1, 0, 29
"c:\Users\F_CIL\ProjectFC\CodeForVSC\Ex1Td.c", "C", 0, 0, 29, 0, 0, 0, 0, 0, 0, 0, 0, 0, 0, 0, 0, 6, 35
"c:\Users\F_CIL\ProjectFC\CodeForVSC\F.cpp", "C++", 0, 40, 0, 0, 0, 0, 0, 0, 0, 0, 0, 0, 0, 0, 11, 1, 52
"c:\Users\F_CIL\ProjectFC\CodeForVSC\FileRead.cpp", "C++", 0, 54, 0, 0, 0, 0, 0, 0, 0, 0, 0, 0, 0, 0, 0, 15, 69
"c:\Users\F_CIL\ProjectFC\CodeForVSC\G.cpp", "C++", 0, 36, 0, 0, 0, 0, 0, 0, 0, 0, 0, 0, 0, 0, 1, 0, 37
"c:\Users\F_CIL\ProjectFC\CodeForVSC\GByteTest.cpp", "C++", 0, 42, 0, 0, 0, 0, 0, 0, 0, 0, 0, 0, 0, 0, 0, 9, 51
"c:\Users\F_CIL\ProjectFC\CodeForVSC\HZKPrint.cpp", "C++", 0, 50, 0, 0, 0, 0, 0, 0, 0, 0, 0, 0, 0, 0, 0, 4, 54
"c:\Users\F_CIL\ProjectFC\CodeForVSC\HeapSort.cs", "C#", 88, 0, 0, 0, 0, 0, 0, 0, 0, 0, 0, 0, 0, 0, 20, 20, 128
"c:\Users\F_CIL\ProjectFC\CodeForVSC\HuffmanCompress.cpp", "C++", 0, 185, 0, 0, 0, 0, 0, 0, 0, 0, 0, 0, 0, 0, 0, 28, 213
"c:\Users\F_CIL\ProjectFC\CodeForVSC\HuffmanDecompress.cpp", "C++", 0, 42, 0, 0, 0, 0, 0, 0, 0, 0, 0, 0, 0, 0, 0, 12, 54
"c:\Users\F_CIL\ProjectFC\CodeForVSC\IDDfs.svg", "XML", 0, 0, 0, 0, 1, 0, 0, 0, 0, 0, 0, 0, 0, 0, 0, 0, 1
"c:\Users\F_CIL\ProjectFC\CodeForVSC\KMP.cpp", "C++", 0, 48, 0, 0, 0, 0, 0, 0, 0, 0, 0, 0, 0, 0, 0, 4, 52
"c:\Users\F_CIL\ProjectFC\CodeForVSC\LH.cpp", "C++", 0, 15, 0, 0, 0, 0, 0, 0, 0, 0, 0, 0, 0, 0, 0, 6, 21
"c:\Users\F_CIL\ProjectFC\CodeForVSC\LH.h", "C++", 0, 14, 0, 0, 0, 0, 0, 0, 0, 0, 0, 0, 0, 0, 0, 1, 15
"c:\Users\F_CIL\ProjectFC\CodeForVSC\LH.json", "JSON", 0, 0, 0, 0, 0, 0, 0, 0, 0, 0, 14, 0, 0, 0, 0, 1, 15
"c:\Users\F_CIL\ProjectFC\CodeForVSC\LinkList.c", "C", 0, 0, 207, 0, 0, 0, 0, 0, 0, 0, 0, 0, 0, 0, 14, 25, 246
"c:\Users\F_CIL\ProjectFC\CodeForVSC\Lstm.svg", "XML", 0, 0, 0, 0, 1, 0, 0, 0, 0, 0, 0, 0, 0, 0, 0, 0, 1
"c:\Users\F_CIL\ProjectFC\CodeForVSC\MIicpca.cpp", "C++", 0, 79, 0, 0, 0, 0, 0, 0, 0, 0, 0, 0, 0, 0, 24, 9, 112
"c:\Users\F_CIL\ProjectFC\CodeForVSC\MIicpcc.cpp", "C++", 0, 71, 0, 0, 0, 0, 0, 0, 0, 0, 0, 0, 0, 0, 0, 4, 75
"c:\Users\F_CIL\ProjectFC\CodeForVSC\MIicpcd.cpp", "C++", 0, 71, 0, 0, 0, 0, 0, 0, 0, 0, 0, 0, 0, 0, 2, 14, 87
"c:\Users\F_CIL\ProjectFC\CodeForVSC\MIicpcj.cpp", "C++", 0, 65, 0, 0, 0, 0, 0, 0, 0, 0, 0, 0, 0, 0, 0, 1, 66
"c:\Users\F_CIL\ProjectFC\CodeForVSC\MST.cpp", "C++", 0, 169, 0, 0, 0, 0, 0, 0, 0, 0, 0, 0, 0, 0, 3, 3, 175
"c:\Users\F_CIL\ProjectFC\CodeForVSC\Makecppblock.cpp", "C++", 0, 36, 0, 0, 0, 0, 0, 0, 0, 0, 0, 0, 0, 0, 0, 2, 38
"c:\Users\F_CIL\ProjectFC\CodeForVSC\MatrixGenerator.cpp", "C++", 0, 55, 0, 0, 0, 0, 0, 0, 0, 0, 0, 0, 0, 0, 0, 13, 68
"c:\Users\F_CIL\ProjectFC\CodeForVSC\MergeArray.cpp", "C++", 0, 49, 0, 0, 0, 0, 0, 0, 0, 0, 0, 0, 0, 0, 5, 14, 68
"c:\Users\F_CIL\ProjectFC\CodeForVSC\MyCF1237D.cpp", "C++", 0, 110, 0, 0, 0, 0, 0, 0, 0, 0, 0, 0, 0, 0, 12, 0, 122
"c:\Users\F_CIL\ProjectFC\CodeForVSC\P1155.cpp", "C++", 0, 138, 0, 0, 0, 0, 0, 0, 0, 0, 0, 0, 0, 0, 9, 28, 175
"c:\Users\F_CIL\ProjectFC\CodeForVSC\P1171.cpp", "C++", 0, 63, 0, 0, 0, 0, 0, 0, 0, 0, 0, 0, 0, 0, 1, 2, 66
"c:\Users\F_CIL\ProjectFC\CodeForVSC\P1171fastest.cpp", "C++", 0, 55, 0, 0, 0, 0, 0, 0, 0, 0, 0, 0, 0, 0, 0, 8, 63
"c:\Users\F_CIL\ProjectFC\CodeForVSC\P1288.cpp", "C++", 0, 29, 0, 0, 0, 0, 0, 0, 0, 0, 0, 0, 0, 0, 0, 0, 29
"c:\Users\F_CIL\ProjectFC\CodeForVSC\P1390.cpp", "C++", 0, 40, 0, 0, 0, 0, 0, 0, 0, 0, 0, 0, 0, 0, 1, 0, 41
"c:\Users\F_CIL\ProjectFC\CodeForVSC\P1402.cpp", "C++", 0, 109, 0, 0, 0, 0, 0, 0, 0, 0, 0, 0, 0, 0, 5, 0, 114
"c:\Users\F_CIL\ProjectFC\CodeForVSC\P2261.cpp", "C++", 0, 27, 0, 0, 0, 0, 0, 0, 0, 0, 0, 0, 0, 0, 0, 0, 27
"c:\Users\F_CIL\ProjectFC\CodeForVSC\P2324.cpp", "C++", 0, 80, 0, 0, 0, 0, 0, 0, 0, 0, 0, 0, 0, 0, 35, 23, 138
"c:\Users\F_CIL\ProjectFC\CodeForVSC\P2324IDA.cpp", "C++", 0, 91, 0, 0, 0, 0, 0, 0, 0, 0, 0, 0, 0, 0, 31, 22, 144
"c:\Users\F_CIL\ProjectFC\CodeForVSC\P2414.cpp", "C++", 0, 130, 0, 0, 0, 0, 0, 0, 0, 0, 0, 0, 0, 0, 48, 9, 187
"c:\Users\F_CIL\ProjectFC\CodeForVSC\P2750.cpp", "C++", 0, 18, 0, 0, 0, 0, 0, 0, 0, 0, 0, 0, 0, 0, 2, 0, 20
"c:\Users\F_CIL\ProjectFC\CodeForVSC\P3150.cpp", "C++", 0, 21, 0, 0, 0, 0, 0, 0, 0, 0, 0, 0, 0, 0, 0, 0, 21
"c:\Users\F_CIL\ProjectFC\CodeForVSC\P3796.cpp", "C++", 0, 83, 0, 0, 0, 0, 0, 0, 0, 0, 0, 0, 0, 0, 0, 5, 88
"c:\Users\F_CIL\ProjectFC\CodeForVSC\P3808.cpp", "C++", 0, 66, 0, 0, 0, 0, 0, 0, 0, 0, 0, 0, 0, 0, 3, 6, 75
"c:\Users\F_CIL\ProjectFC\CodeForVSC\P3966.cpp", "C++", 0, 75, 0, 0, 0, 0, 0, 0, 0, 0, 0, 0, 0, 0, 0, 5, 80
"c:\Users\F_CIL\ProjectFC\CodeForVSC\P4933.cpp", "C++", 0, 50, 0, 0, 0, 0, 0, 0, 0, 0, 0, 0, 0, 0, 10, 0, 60
"c:\Users\F_CIL\ProjectFC\CodeForVSC\P5357.cpp", "C++", 0, 77, 0, 0, 0, 0, 0, 0, 0, 0, 0, 0, 0, 0, 10, 5, 92
"c:\Users\F_CIL\ProjectFC\CodeForVSC\P5650.cpp", "C++", 0, 32, 0, 0, 0, 0, 0, 0, 0, 0, 0, 0, 0, 0, 0, 0, 32
"c:\Users\F_CIL\ProjectFC\CodeForVSC\P5651.cpp", "C++", 0, 56, 0, 0, 0, 0, 0, 0, 0, 0, 0, 0, 0, 0, 0, 0, 56
"c:\Users\F_CIL\ProjectFC\CodeForVSC\P5657.cpp", "C++", 0, 60, 0, 0, 0, 0, 0, 0, 0, 0, 0, 0, 0, 0, 1, 0, 61
"c:\Users\F_CIL\ProjectFC\CodeForVSC\P5658.cpp", "C++", 0, 66, 0, 0, 0, 0, 0, 0, 0, 0, 0, 0, 0, 0, 27, 3, 96
"c:\Users\F_CIL\ProjectFC\CodeForVSC\P5660.cpp", "C++", 0, 19, 0, 0, 0, 0, 0, 0, 0, 0, 0, 0, 0, 0, 0, 0, 19
"c:\Users\F_CIL\ProjectFC\CodeForVSC\P5661.cpp", "C++", 0, 46, 0, 0, 0, 0, 0, 0, 0, 0, 0, 0, 0, 0, 9, 0, 55
"c:\Users\F_CIL\ProjectFC\CodeForVSC\P5662.cpp", "C++", 0, 46, 0, 0, 0, 0, 0, 0, 0, 0, 0, 0, 0, 0, 6, 0, 52
"c:\Users\F_CIL\ProjectFC\CodeForVSC\P5663.cpp", "C++", 0, 79, 0, 0, 0, 0, 0, 0, 0, 0, 0, 0, 0, 0, 1, 0, 80
"c:\Users\F_CIL\ProjectFC\CodeForVSC\P5730.cpp", "C++", 0, 196, 0, 0, 0, 0, 0, 0, 0, 0, 0, 0, 0, 0, 43, 3, 242
"c:\Users\F_CIL\ProjectFC\CodeForVSC\P5858.cpp", "C++", 0, 50, 0, 0, 0, 0, 0, 0, 0, 0, 0, 0, 0, 0, 5, 0, 55
"c:\Users\F_CIL\ProjectFC\CodeForVSC\Practice.cpp", "C++", 0, 68, 0, 0, 0, 0, 0, 0, 0, 0, 0, 0, 0, 0, 12, 10, 90
"c:\Users\F_CIL\ProjectFC\CodeForVSC\Program.cs", "C#", 14, 0, 0, 0, 0, 0, 0, 0, 0, 0, 0, 0, 0, 0, 0, 2, 16
"c:\Users\F_CIL\ProjectFC\CodeForVSC\Python\lh.py", "Python", 0, 0, 0, 17, 0, 0, 0, 0, 0, 0, 0, 0, 0, 0, 7, 11, 35
"c:\Users\F_CIL\ProjectFC\CodeForVSC\Qsort.cpp", "C++", 0, 57, 0, 0, 0, 0, 0, 0, 0, 0, 0, 0, 0, 0, 2, 10, 69
"c:\Users\F_CIL\ProjectFC\CodeForVSC\Qui.cpp", "C++", 0, 131, 0, 0, 0, 0, 0, 0, 0, 0, 0, 0, 0, 0, 8, 15, 154
"c:\Users\F_CIL\ProjectFC\CodeForVSC\ReorderArray.cpp", "C++", 0, 55, 0, 0, 0, 0, 0, 0, 0, 0, 0, 0, 0, 0, 1, 16, 72
"c:\Users\F_CIL\ProjectFC\CodeForVSC\SP14932.cpp", "C++", 0, 108, 0, 0, 0, 0, 0, 0, 0, 0, 0, 0, 0, 0, 17, 1, 126
"c:\Users\F_CIL\ProjectFC\CodeForVSC\SW2019I.c", "C", 0, 0, 21, 0, 0, 0, 0, 0, 0, 0, 0, 0, 0, 0, 23, 1, 45
"c:\Users\F_CIL\ProjectFC\CodeForVSC\SWP2365.cpp", "C++", 0, 60, 0, 0, 0, 0, 0, 0, 0, 0, 0, 0, 0, 0, 1, 1, 62
"c:\Users\F_CIL\ProjectFC\CodeForVSC\SWP2376.cpp", "C++", 0, 51, 0, 0, 0, 0, 0, 0, 0, 0, 0, 0, 0, 0, 1, 0, 52
"c:\Users\F_CIL\ProjectFC\CodeForVSC\SWP2422.cpp", "C++", 0, 50, 0, 0, 0, 0, 0, 0, 0, 0, 0, 0, 0, 0, 0, 0, 50
"c:\Users\F_CIL\ProjectFC\CodeForVSC\SWP2424.cpp", "C++", 0, 65, 0, 0, 0, 0, 0, 0, 0, 0, 0, 0, 0, 0, 1, 0, 66
"c:\Users\F_CIL\ProjectFC\CodeForVSC\ShortestLoop.cpp", "C++", 0, 71, 0, 0, 0, 0, 0, 0, 0, 0, 0, 0, 0, 0, 37, 12, 120
"c:\Users\F_CIL\ProjectFC\CodeForVSC\Singleton.cpp", "C++", 0, 21, 0, 0, 0, 0, 0, 0, 0, 0, 0, 0, 0, 0, 45, 14, 80
"c:\Users\F_CIL\ProjectFC\CodeForVSC\SnakeDialog.h", "C++", 0, 49, 0, 0, 0, 0, 0, 0, 0, 0, 0, 0, 0, 0, 0, 3, 52
"c:\Users\F_CIL\ProjectFC\CodeForVSC\Sort.cpp", "C++", 0, 160, 0, 0, 0, 0, 0, 0, 0, 0, 0, 0, 0, 0, 4, 23, 187
"c:\Users\F_CIL\ProjectFC\CodeForVSC\SqList.c", "C", 0, 0, 168, 0, 0, 0, 0, 0, 0, 0, 0, 0, 0, 0, 10, 23, 201
"c:\Users\F_CIL\ProjectFC\CodeForVSC\SqList.cpp", "C++", 0, 62, 0, 0, 0, 0, 0, 0, 0, 0, 0, 0, 0, 0, 0, 9, 71
"c:\Users\F_CIL\ProjectFC\CodeForVSC\Sqkha.cpp", "C++", 0, 53, 0, 0, 0, 0, 0, 0, 0, 0, 0, 0, 0, 0, 0, 1, 54
"c:\Users\F_CIL\ProjectFC\CodeForVSC\StudentAchievementManagementSystem.cpp", "C++", 0, 583, 0, 0, 0, 0, 0, 0, 0, 0, 0, 0, 0, 0, 17, 66, 666
"c:\Users\F_CIL\ProjectFC\CodeForVSC\Suffix.cpp", "C++", 0, 202, 0, 0, 0, 0, 0, 0, 0, 0, 0, 0, 0, 0, 17, 28, 247
"c:\Users\F_CIL\ProjectFC\CodeForVSC\TC.cpp", "C++", 0, 30, 0, 0, 0, 0, 0, 0, 0, 0, 0, 0, 0, 0, 1, 0, 31
"c:\Users\F_CIL\ProjectFC\CodeForVSC\TX.cpp", "C++", 0, 65, 0, 0, 0, 0, 0, 0, 0, 0, 0, 0, 0, 0, 56, 19, 140
"c:\Users\F_CIL\ProjectFC\CodeForVSC\Test.py", "Python", 0, 0, 0, 13, 0, 0, 0, 0, 0, 0, 0, 0, 0, 0, 4, 10, 27
"c:\Users\F_CIL\ProjectFC\CodeForVSC\TestFrame.java", "Java", 0, 0, 0, 0, 0, 0, 0, 11, 0, 0, 0, 0, 0, 0, 0, 2, 13
"c:\Users\F_CIL\ProjectFC\CodeForVSC\TimeOut.files\filelist.xml", "XML", 0, 0, 0, 0, 7, 0, 0, 0, 0, 0, 0, 0, 0, 0, 0, 0, 7
"c:\Users\F_CIL\ProjectFC\CodeForVSC\TimeOut.files\sheet001.htm", "HTML", 0, 0, 0, 0, 0, 95, 0, 0, 0, 0, 0, 0, 0, 0, 25, 6, 126
"c:\Users\F_CIL\ProjectFC\CodeForVSC\TimeOut.files\stylesheet.css", "CSS", 0, 0, 0, 0, 0, 0, 47, 0, 0, 0, 0, 0, 0, 0, 0, 1, 48
"c:\Users\F_CIL\ProjectFC\CodeForVSC\TimeOut.files\tabstrip.htm", "HTML", 0, 0, 0, 0, 0, 19, 0, 0, 0, 0, 0, 0, 0, 0, 11, 3, 33
"c:\Users\F_CIL\ProjectFC\CodeForVSC\TimeOut.htm", "HTML", 0, 0, 0, 0, 0, 27, 0, 0, 0, 0, 0, 0, 0, 0, 293, 5, 325
"c:\Users\F_CIL\ProjectFC\CodeForVSC\TimeOut.xml", "XML", 0, 0, 0, 0, 57, 0, 0, 0, 0, 0, 0, 0, 0, 0, 0, 1, 58
"c:\Users\F_CIL\ProjectFC\CodeForVSC\Toposort.cpp", "C++", 0, 85, 0, 0, 0, 0, 0, 0, 0, 0, 0, 0, 0, 0, 18, 20, 123
"c:\Users\F_CIL\ProjectFC\CodeForVSC\TraversalofTree.cpp", "C++", 0, 123, 0, 0, 0, 0, 0, 0, 0, 0, 0, 0, 0, 0, 18, 17, 158
"c:\Users\F_CIL\ProjectFC\CodeForVSC\UVA11582.cpp", "C++", 0, 44, 0, 0, 0, 0, 0, 0, 0, 0, 0, 0, 0, 0, 0, 2, 46
"c:\Users\F_CIL\ProjectFC\CodeForVSC\Webtest.cpp", "C++", 0, 8, 0, 0, 0, 0, 0, 0, 0, 0, 0, 0, 0, 0, 0, 3, 11
"c:\Users\F_CIL\ProjectFC\CodeForVSC\YangHui_Triangle.cpp", "C++", 0, 57, 0, 0, 0, 0, 0, 0, 0, 0, 0, 0, 0, 0, 7, 12, 76
"c:\Users\F_CIL\ProjectFC\CodeForVSC\YingPTA.cpp", "C++", 0, 56, 0, 0, 0, 0, 0, 0, 0, 0, 0, 0, 0, 0, 0, 2, 58
"c:\Users\F_CIL\ProjectFC\CodeForVSC\YingPTA_template.cpp", "C++", 0, 91, 0, 0, 0, 0, 0, 0, 0, 0, 0, 0, 0, 0, 0, 14, 105
"c:\Users\F_CIL\ProjectFC\CodeForVSC\ZYingArray.cpp", "C++", 0, 74, 0, 0, 0, 0, 0, 0, 0, 0, 0, 0, 0, 0, 2, 14, 90
"c:\Users\F_CIL\ProjectFC\CodeForVSC\ZYingL.c", "C", 0, 0, 50, 0, 0, 0, 0, 0, 0, 0, 0, 0, 0, 0, 1, 3, 54
"c:\Users\F_CIL\ProjectFC\CodeForVSC\ZYingS.c", "C", 0, 0, 168, 0, 0, 0, 0, 0, 0, 0, 0, 0, 0, 0, 10, 20, 198
"c:\Users\F_CIL\ProjectFC\CodeForVSC\ZYsys.cpp", "C++", 0, 70, 0, 0, 0, 0, 0, 0, 0, 0, 0, 0, 0, 0, 0, 1, 71
"c:\Users\F_CIL\ProjectFC\CodeForVSC\Zy2.cpp", "C++", 0, 66, 0, 0, 0, 0, 0, 0, 0, 0, 0, 0, 0, 0, 0, 2, 68
"c:\Users\F_CIL\ProjectFC\CodeForVSC\Zying.cpp", "C++", 0, 25, 0, 0, 0, 0, 0, 0, 0, 0, 0, 0, 0, 0, 0, 3, 28
"c:\Users\F_CIL\ProjectFC\CodeForVSC\aftereffect.cpp", "C++", 0, 64, 0, 0, 0, 0, 0, 0, 0, 0, 0, 0, 0, 0, 7, 3, 74
"c:\Users\F_CIL\ProjectFC\CodeForVSC\altest2_2.cpp", "C++", 0, 70, 0, 0, 0, 0, 0, 0, 0, 0, 0, 0, 0, 0, 107, 16, 193
"c:\Users\F_CIL\ProjectFC\CodeForVSC\altest2_4.cpp", "C++", 0, 71, 0, 0, 0, 0, 0, 0, 0, 0, 0, 0, 0, 0, 1, 20, 92
"c:\Users\F_CIL\ProjectFC\CodeForVSC\anotherspj.cpp", "C++", 0, 118, 0, 0, 0, 0, 0, 0, 0, 0, 0, 0, 0, 0, 6, 20, 144
"c:\Users\F_CIL\ProjectFC\CodeForVSC\arc103 E.cpp", "C++", 0, 95, 0, 0, 0, 0, 0, 0, 0, 0, 0, 0, 0, 0, 1, 15, 111
"c:\Users\F_CIL\ProjectFC\CodeForVSC\baidu01.cpp", "C++", 0, 17, 0, 0, 0, 0, 0, 0, 0, 0, 0, 0, 0, 0, 0, 6, 23
"c:\Users\F_CIL\ProjectFC\CodeForVSC\baidu02.cpp", "C++", 0, 18, 0, 0, 0, 0, 0, 0, 0, 0, 0, 0, 0, 0, 0, 7, 25
"c:\Users\F_CIL\ProjectFC\CodeForVSC\baidu03.cpp", "C++", 0, 25, 0, 0, 0, 0, 0, 0, 0, 0, 0, 0, 0, 0, 0, 7, 32
"c:\Users\F_CIL\ProjectFC\CodeForVSC\baidu04.cpp", "C++", 0, 13, 0, 0, 0, 0, 0, 0, 0, 0, 0, 0, 0, 0, 0, 6, 19
"c:\Users\F_CIL\ProjectFC\CodeForVSC\baidu05.cpp", "C++", 0, 45, 0, 0, 0, 0, 0, 0, 0, 0, 0, 0, 0, 0, 6, 9, 60
"c:\Users\F_CIL\ProjectFC\CodeForVSC\baidu06.cpp", "C++", 0, 45, 0, 0, 0, 0, 0, 0, 0, 0, 0, 0, 0, 0, 2, 9, 56
"c:\Users\F_CIL\ProjectFC\CodeForVSC\broteforce.cpp", "C++", 0, 33, 0, 0, 0, 0, 0, 0, 0, 0, 0, 0, 0, 0, 2, 5, 40
"c:\Users\F_CIL\ProjectFC\CodeForVSC\bubblesort.cpp", "C++", 0, 24, 0, 0, 0, 0, 0, 0, 0, 0, 0, 0, 0, 0, 4, 5, 33
"c:\Users\F_CIL\ProjectFC\CodeForVSC\c++exp9-2.cpp", "C++", 0, 318, 0, 0, 0, 0, 0, 0, 0, 0, 0, 0, 0, 0, 1, 20, 339
"c:\Users\F_CIL\ProjectFC\CodeForVSC\c++expDesign4-1.cpp", "C++", 0, 45, 0, 0, 0, 0, 0, 0, 0, 0, 0, 0, 0, 0, 5, 4, 54
"c:\Users\F_CIL\ProjectFC\CodeForVSC\c++expDesign6-2.cpp", "C++", 0, 129, 0, 0, 0, 0, 0, 0, 0, 0, 0, 0, 0, 0, 4, 13, 146
"c:\Users\F_CIL\ProjectFC\CodeForVSC\calcuator.cpp", "C++", 0, 24, 0, 0, 0, 0, 0, 0, 0, 0, 0, 0, 0, 0, 0, 9, 33
"c:\Users\F_CIL\ProjectFC\CodeForVSC\calcuatorPlus.cpp", "C++", 0, 54, 0, 0, 0, 0, 0, 0, 0, 0, 0, 0, 0, 0, 1, 11, 66
"c:\Users\F_CIL\ProjectFC\CodeForVSC\capture.py", "Python", 0, 0, 0, 10, 0, 0, 0, 0, 0, 0, 0, 0, 0, 0, 0, 1, 11
"c:\Users\F_CIL\ProjectFC\CodeForVSC\cf1013b.cpp", "C++", 0, 26, 0, 0, 0, 0, 0, 0, 0, 0, 0, 0, 0, 0, 0, 0, 26
"c:\Users\F_CIL\ProjectFC\CodeForVSC\cf440c.cpp", "C++", 0, 52, 0, 0, 0, 0, 0, 0, 0, 0, 0, 0, 0, 0, 0, 1, 53
"c:\Users\F_CIL\ProjectFC\CodeForVSC\cf609a.cpp", "C++", 0, 43, 0, 0, 0, 0, 0, 0, 0, 0, 0, 0, 0, 0, 1, 0, 44
"c:\Users\F_CIL\ProjectFC\CodeForVSC\cf609b.cpp", "C++", 0, 39, 0, 0, 0, 0, 0, 0, 0, 0, 0, 0, 0, 0, 1, 1, 41
"c:\Users\F_CIL\ProjectFC\CodeForVSC\cf609c.cpp", "C++", 0, 38, 0, 0, 0, 0, 0, 0, 0, 0, 0, 0, 0, 0, 40, 3, 81
"c:\Users\F_CIL\ProjectFC\CodeForVSC\cf609d.cpp", "C++", 0, 41, 0, 0, 0, 0, 0, 0, 0, 0, 0, 0, 0, 0, 0, 0, 41
"c:\Users\F_CIL\ProjectFC\CodeForVSC\cf609e.cpp", "C++", 0, 61, 0, 0, 0, 0, 0, 0, 0, 0, 0, 0, 0, 0, 6, 1, 68
"c:\Users\F_CIL\ProjectFC\CodeForVSC\cfedua.cpp", "C++", 0, 48, 0, 0, 0, 0, 0, 0, 0, 0, 0, 0, 0, 0, 1, 0, 49
"c:\Users\F_CIL\ProjectFC\CodeForVSC\cfedub.cpp", "C++", 0, 41, 0, 0, 0, 0, 0, 0, 0, 0, 0, 0, 0, 0, 34, 0, 75
"c:\Users\F_CIL\ProjectFC\CodeForVSC\cfeduc.cpp", "C++", 0, 77, 0, 0, 0, 0, 0, 0, 0, 0, 0, 0, 0, 0, 8, 4, 89
"c:\Users\F_CIL\ProjectFC\CodeForVSC\cfer79a.cpp", "C++", 0, 25, 0, 0, 0, 0, 0, 0, 0, 0, 0, 0, 0, 0, 0, 0, 25
"c:\Users\F_CIL\ProjectFC\CodeForVSC\cfer79b.cpp", "C++", 0, 41, 0, 0, 0, 0, 0, 0, 0, 0, 0, 0, 0, 0, 0, 0, 41
"c:\Users\F_CIL\ProjectFC\CodeForVSC\cfer79c.cpp", "C++", 0, 51, 0, 0, 0, 0, 0, 0, 0, 0, 0, 0, 0, 0, 22, 0, 73
"c:\Users\F_CIL\ProjectFC\CodeForVSC\chart2.js", "JavaScript", 0, 0, 0, 0, 0, 0, 0, 0, 49, 0, 0, 0, 0, 0, 1, 7, 57
"c:\Users\F_CIL\ProjectFC\CodeForVSC\checkTowSegments.cpp", "C++", 0, 36, 0, 0, 0, 0, 0, 0, 0, 0, 0, 0, 0, 0, 0, 13, 49
"c:\Users\F_CIL\ProjectFC\CodeForVSC\circle_question.cpp", "C++", 0, 44, 0, 0, 0, 0, 0, 0, 0, 0, 0, 0, 0, 0, 84, 12, 140
"c:\Users\F_CIL\ProjectFC\CodeForVSC\cnmsb.cpp", "C++", 0, 130, 0, 0, 0, 0, 0, 0, 0, 0, 0, 0, 0, 0, 81, 35, 246
"c:\Users\F_CIL\ProjectFC\CodeForVSC\cnn.svg", "XML", 0, 0, 0, 0, 1, 0, 0, 0, 0, 0, 0, 0, 0, 0, 0, 0, 1
"c:\Users\F_CIL\ProjectFC\CodeForVSC\control.py", "Python", 0, 0, 0, 13, 0, 0, 0, 0, 0, 0, 0, 0, 0, 0, 0, 8, 21
"c:\Users\F_CIL\ProjectFC\CodeForVSC\convexHull.cpp", "C++", 0, 118, 0, 0, 0, 0, 0, 0, 0, 0, 0, 0, 0, 0, 1, 3, 122
"c:\Users\F_CIL\ProjectFC\CodeForVSC\cpptesthomework.cpp", "C++", 0, 132, 0, 0, 0, 0, 0, 0, 0, 0, 0, 0, 0, 0, 16, 23, 171
"c:\Users\F_CIL\ProjectFC\CodeForVSC\cts1.cpp", "C++", 0, 19, 0, 0, 0, 0, 0, 0, 0, 0, 0, 0, 0, 0, 0, 0, 19
"c:\Users\F_CIL\ProjectFC\CodeForVSC\cts2.cpp", "C++", 0, 26, 0, 0, 0, 0, 0, 0, 0, 0, 0, 0, 0, 0, 0, 0, 26
"c:\Users\F_CIL\ProjectFC\CodeForVSC\cts3.cpp", "C++", 0, 32, 0, 0, 0, 0, 0, 0, 0, 0, 0, 0, 0, 0, 0, 1, 33
"c:\Users\F_CIL\ProjectFC\CodeForVSC\cts4.cpp", "C++", 0, 31, 0, 0, 0, 0, 0, 0, 0, 0, 0, 0, 0, 0, 0, 0, 31
"c:\Users\F_CIL\ProjectFC\CodeForVSC\cts5.cpp", "C++", 0, 63, 0, 0, 0, 0, 0, 0, 0, 0, 0, 0, 0, 0, 5, 0, 68
"c:\Users\F_CIL\ProjectFC\CodeForVSC\database.svg", "XML", 0, 0, 0, 0, 1, 0, 0, 0, 0, 0, 0, 0, 0, 0, 0, 0, 1
"c:\Users\F_CIL\ProjectFC\CodeForVSC\database6.svg", "XML", 0, 0, 0, 0, 1, 0, 0, 0, 0, 0, 0, 0, 0, 0, 0, 0, 1
"c:\Users\F_CIL\ProjectFC\CodeForVSC\dearYing.svg", "XML", 0, 0, 0, 0, 1, 0, 0, 0, 0, 0, 0, 0, 0, 0, 0, 0, 1
"c:\Users\F_CIL\ProjectFC\CodeForVSC\dearZYing.cpp", "C++", 0, 18, 0, 0, 0, 0, 0, 0, 0, 0, 0, 0, 0, 0, 0, 3, 21
"c:\Users\F_CIL\ProjectFC\CodeForVSC\debugcode.cpp", "C++", 0, 84, 0, 0, 0, 0, 0, 0, 0, 0, 0, 0, 0, 0, 7, 7, 98
"c:\Users\F_CIL\ProjectFC\CodeForVSC\df.cpp", "C++", 0, 61, 0, 0, 0, 0, 0, 0, 0, 0, 0, 0, 0, 0, 0, 8, 69
"c:\Users\F_CIL\ProjectFC\CodeForVSC\dijkstra.cpp", "C++", 0, 119, 0, 0, 0, 0, 0, 0, 0, 0, 0, 0, 0, 0, 0, 1, 120
"c:\Users\F_CIL\ProjectFC\CodeForVSC\doublebfsex.svg", "XML", 0, 0, 0, 0, 1, 0, 0, 0, 0, 0, 0, 0, 0, 0, 0, 0, 1
"c:\Users\F_CIL\ProjectFC\CodeForVSC\draw.py", "Python", 0, 0, 0, 14, 0, 0, 0, 0, 0, 0, 0, 0, 0, 0, 1, 15, 30
"c:\Users\F_CIL\ProjectFC\CodeForVSC\duipai.bat", "Batch", 0, 0, 0, 0, 0, 0, 0, 0, 0, 0, 0, 0, 0, 9, 0, 0, 9
"c:\Users\F_CIL\ProjectFC\CodeForVSC\duipai.cpp", "C++", 0, 17, 0, 0, 0, 0, 0, 0, 0, 0, 0, 0, 0, 0, 1, 3, 21
"c:\Users\F_CIL\ProjectFC\CodeForVSC\ex18.py", "Python", 0, 0, 0, 13, 0, 0, 0, 0, 0, 0, 0, 0, 0, 0, 4, 12, 29
"c:\Users\F_CIL\ProjectFC\CodeForVSC\ex19.py", "Python", 0, 0, 0, 19, 0, 0, 0, 0, 0, 0, 0, 0, 0, 0, 0, 7, 26
"c:\Users\F_CIL\ProjectFC\CodeForVSC\ex20.py", "Python", 0, 0, 0, 20, 0, 0, 0, 0, 0, 0, 0, 0, 0, 0, 0, 18, 38
"c:\Users\F_CIL\ProjectFC\CodeForVSC\ex21.py", "Python", 0, 0, 0, 21, 0, 0, 0, 0, 0, 0, 0, 0, 0, 0, 1, 14, 36
"c:\Users\F_CIL\ProjectFC\CodeForVSC\ex24.py", "Python", 0, 0, 0, 22, 0, 0, 0, 0, 0, 0, 0, 0, 0, 0, 10, 11, 43
"c:\Users\F_CIL\ProjectFC\CodeForVSC\ex25.py", "Python", 0, 0, 0, 22, 0, 0, 0, 0, 0, 0, 0, 0, 0, 0, 7, 13, 42
"c:\Users\F_CIL\ProjectFC\CodeForVSC\ex26.py", "Python", 0, 0, 0, 55, 0, 0, 0, 0, 0, 0, 0, 0, 0, 0, 10, 33, 98
"c:\Users\F_CIL\ProjectFC\CodeForVSC\ex31.py", "Python", 0, 0, 0, 31, 0, 0, 0, 0, 0, 0, 0, 0, 0, 0, 0, 10, 41
"c:\Users\F_CIL\ProjectFC\CodeForVSC\fA.cpp", "C++", 0, 27, 0, 0, 0, 0, 0, 0, 0, 0, 0, 0, 0, 0, 0, 1, 28
"c:\Users\F_CIL\ProjectFC\CodeForVSC\fB.cpp", "C++", 0, 30, 0, 0, 0, 0, 0, 0, 0, 0, 0, 0, 0, 0, 0, 1, 31
"c:\Users\F_CIL\ProjectFC\CodeForVSC\fC.cpp", "C++", 0, 44, 0, 0, 0, 0, 0, 0, 0, 0, 0, 0, 0, 0, 0, 0, 44
"c:\Users\F_CIL\ProjectFC\CodeForVSC\fD.cpp", "C++", 0, 40, 0, 0, 0, 0, 0, 0, 0, 0, 0, 0, 0, 0, 2, 0, 42
"c:\Users\F_CIL\ProjectFC\CodeForVSC\fE.cpp", "C++", 0, 20, 0, 0, 0, 0, 0, 0, 0, 0, 0, 0, 0, 0, 0, 1, 21
"c:\Users\F_CIL\ProjectFC\CodeForVSC\fF.cpp", "C++", 0, 37, 0, 0, 0, 0, 0, 0, 0, 0, 0, 0, 0, 0, 0, 0, 37
"c:\Users\F_CIL\ProjectFC\CodeForVSC\fG.cpp", "C++", 0, 31, 0, 0, 0, 0, 0, 0, 0, 0, 0, 0, 0, 0, 0, 1, 32
"c:\Users\F_CIL\ProjectFC\CodeForVSC\fH.cpp", "C++", 0, 61, 0, 0, 0, 0, 0, 0, 0, 0, 0, 0, 0, 0, 2, 0, 63
"c:\Users\F_CIL\ProjectFC\CodeForVSC\fI.cpp", "C++", 0, 0, 0, 0, 0, 0, 0, 0, 0, 0, 0, 0, 0, 0, 0, 1, 1
"c:\Users\F_CIL\ProjectFC\CodeForVSC\fJ.cpp", "C++", 0, 0, 0, 0, 0, 0, 0, 0, 0, 0, 0, 0, 0, 0, 0, 1, 1
"c:\Users\F_CIL\ProjectFC\CodeForVSC\file.svg", "XML", 0, 0, 0, 0, 1, 0, 0, 0, 0, 0, 0, 0, 0, 0, 0, 0, 1
"c:\Users\F_CIL\ProjectFC\CodeForVSC\firsttrt.md", "Markdown", 0, 0, 0, 0, 0, 0, 0, 0, 0, 0, 0, 0, 131, 0, 0, 62, 193
"c:\Users\F_CIL\ProjectFC\CodeForVSC\friend.cpp", "C++", 0, 28, 0, 0, 0, 0, 0, 0, 0, 0, 0, 0, 0, 0, 0, 10, 38
"c:\Users\F_CIL\ProjectFC\CodeForVSC\friendClassTest.cpp", "C++", 0, 26, 0, 0, 0, 0, 0, 0, 0, 0, 0, 0, 0, 0, 0, 7, 33
"c:\Users\F_CIL\ProjectFC\CodeForVSC\fun_t.m", "Objective-C", 0, 0, 0, 0, 0, 0, 0, 0, 0, 0, 0, 19, 0, 0, 0, 5, 24
"c:\Users\F_CIL\ProjectFC\CodeForVSC\fyllh.cpp", "C++", 0, 84, 0, 0, 0, 0, 0, 0, 0, 0, 0, 0, 0, 0, 2, 2, 88
"c:\Users\F_CIL\ProjectFC\CodeForVSC\fylme.cpp", "C++", 0, 101, 0, 0, 0, 0, 0, 0, 0, 0, 0, 0, 0, 0, 0, 1, 102
"c:\Users\F_CIL\ProjectFC\CodeForVSC\gjc.cpp", "C++", 0, 11, 0, 0, 0, 0, 0, 0, 0, 0, 0, 0, 0, 0, 0, 0, 11
"c:\Users\F_CIL\ProjectFC\CodeForVSC\grey.cpp", "C++", 0, 43, 0, 0, 0, 0, 0, 0, 0, 0, 0, 0, 0, 0, 46, 15, 104
"c:\Users\F_CIL\ProjectFC\CodeForVSC\hdu1004.cpp", "C++", 0, 39, 0, 0, 0, 0, 0, 0, 0, 0, 0, 0, 0, 0, 0, 0, 39
"c:\Users\F_CIL\ProjectFC\CodeForVSC\hdu1009.cpp", "C++", 0, 78, 0, 0, 0, 0, 0, 0, 0, 0, 0, 0, 0, 0, 0, 1, 79
"c:\Users\F_CIL\ProjectFC\CodeForVSC\hdu31004.cpp", "C++", 0, 43, 0, 0, 0, 0, 0, 0, 0, 0, 0, 0, 0, 0, 0, 0, 43
"c:\Users\F_CIL\ProjectFC\CodeForVSC\hdu31009.cpp", "C++", 0, 79, 0, 0, 0, 0, 0, 0, 0, 0, 0, 0, 0, 0, 1, 2, 82
"c:\Users\F_CIL\ProjectFC\CodeForVSC\hdu81006.cpp", "C++", 0, 71, 0, 0, 0, 0, 0, 0, 0, 0, 0, 0, 0, 0, 0, 1, 72
"c:\Users\F_CIL\ProjectFC\CodeForVSC\heap.cpp", "C++", 0, 21, 0, 0, 0, 0, 0, 0, 0, 0, 0, 0, 0, 0, 3, 8, 32
"c:\Users\F_CIL\ProjectFC\CodeForVSC\homework.cpp", "C++", 0, 26, 0, 0, 0, 0, 0, 0, 0, 0, 0, 0, 0, 0, 0, 2, 28
"c:\Users\F_CIL\ProjectFC\CodeForVSC\homeworklxr.cpp", "C++", 0, 50, 0, 0, 0, 0, 0, 0, 0, 0, 0, 0, 0, 0, 0, 1, 51
"c:\Users\F_CIL\ProjectFC\CodeForVSC\hty1.cpp", "C++", 0, 12, 0, 0, 0, 0, 0, 0, 0, 0, 0, 0, 0, 0, 8, 6, 26
"c:\Users\F_CIL\ProjectFC\CodeForVSC\huawei.cpp", "C++", 0, 66, 0, 0, 0, 0, 0, 0, 0, 0, 0, 0, 0, 0, 14, 18, 98
"c:\Users\F_CIL\ProjectFC\CodeForVSC\hud21010.cpp", "C++", 0, 57, 0, 0, 0, 0, 0, 0, 0, 0, 0, 0, 0, 0, 0, 0, 57
"c:\Users\F_CIL\ProjectFC\CodeForVSC\huffman.cpp", "C++", 0, 154, 0, 0, 0, 0, 0, 0, 0, 0, 0, 0, 0, 0, 10, 14, 178
"c:\Users\F_CIL\ProjectFC\CodeForVSC\hutengyao.cpp", "C++", 0, 37, 0, 0, 0, 0, 0, 0, 0, 0, 0, 0, 0, 0, 0, 4, 41
"c:\Users\F_CIL\ProjectFC\CodeForVSC\icpc2016QingdaoB.cpp", "C++", 0, 75, 0, 0, 0, 0, 0, 0, 0, 0, 0, 0, 0, 0, 0, 1, 76
"c:\Users\F_CIL\ProjectFC\CodeForVSC\jzIcpcA.cpp", "C++", 0, 123, 0, 0, 0, 0, 0, 0, 0, 0, 0, 0, 0, 0, 2, 12, 137
"c:\Users\F_CIL\ProjectFC\CodeForVSC\jzIcpcC.cpp", "C++", 0, 52, 0, 0, 0, 0, 0, 0, 0, 0, 0, 0, 0, 0, 8, 22, 82
"c:\Users\F_CIL\ProjectFC\CodeForVSC\jzIcpcF.cpp", "C++", 0, 45, 0, 0, 0, 0, 0, 0, 0, 0, 0, 0, 0, 0, 0, 14, 59
"c:\Users\F_CIL\ProjectFC\CodeForVSC\jzIcpcG.cpp", "C++", 0, 88, 0, 0, 0, 0, 0, 0, 0, 0, 0, 0, 0, 0, 42, 13, 143
"c:\Users\F_CIL\ProjectFC\CodeForVSC\jzIcpcI.cpp", "C++", 0, 33, 0, 0, 0, 0, 0, 0, 0, 0, 0, 0, 0, 0, 0, 12, 45
"c:\Users\F_CIL\ProjectFC\CodeForVSC\kdacmF.cpp", "C++", 0, 10, 0, 0, 0, 0, 0, 0, 0, 0, 0, 0, 0, 0, 0, 2, 12
"c:\Users\F_CIL\ProjectFC\CodeForVSC\kdacmH.cpp", "C++", 0, 26, 0, 0, 0, 0, 0, 0, 0, 0, 0, 0, 0, 0, 0, 0, 26
"c:\Users\F_CIL\ProjectFC\CodeForVSC\kdacmJ.cpp", "C++", 0, 60, 0, 0, 0, 0, 0, 0, 0, 0, 0, 0, 0, 0, 0, 0, 60
"c:\Users\F_CIL\ProjectFC\CodeForVSC\kshort.cpp", "C++", 0, 65, 0, 0, 0, 0, 0, 0, 0, 0, 0, 0, 0, 0, 0, 1, 66
"c:\Users\F_CIL\ProjectFC\CodeForVSC\la1002.cpp", "C++", 0, 41, 0, 0, 0, 0, 0, 0, 0, 0, 0, 0, 0, 0, 14, 7, 62
"c:\Users\F_CIL\ProjectFC\CodeForVSC\la1009.cpp", "C++", 0, 44, 0, 0, 0, 0, 0, 0, 0, 0, 0, 0, 0, 0, 0, 4, 48
"c:\Users\F_CIL\ProjectFC\CodeForVSC\la1017.cpp", "C++", 0, 114, 0, 0, 0, 0, 0, 0, 0, 0, 0, 0, 0, 0, 5, 29, 148
"c:\Users\F_CIL\ProjectFC\CodeForVSC\la1019.cpp", "C++", 0, 45, 0, 0, 0, 0, 0, 0, 0, 0, 0, 0, 0, 0, 0, 7, 52
"c:\Users\F_CIL\ProjectFC\CodeForVSC\la1021.cpp", "C++", 0, 71, 0, 0, 0, 0, 0, 0, 0, 0, 0, 0, 0, 0, 7, 19, 97
"c:\Users\F_CIL\ProjectFC\CodeForVSC\lb1005.cpp", "C++", 0, 51, 0, 0, 0, 0, 0, 0, 0, 0, 0, 0, 0, 0, 3, 7, 61
"c:\Users\F_CIL\ProjectFC\CodeForVSC\lb1008.cpp", "C++", 0, 36, 0, 0, 0, 0, 0, 0, 0, 0, 0, 0, 0, 0, 0, 5, 41
"c:\Users\F_CIL\ProjectFC\CodeForVSC\lb1016.cpp", "C++", 0, 32, 0, 0, 0, 0, 0, 0, 0, 0, 0, 0, 0, 0, 0, 5, 37
"c:\Users\F_CIL\ProjectFC\CodeForVSC\lb1023.cpp", "C++", 0, 30, 0, 0, 0, 0, 0, 0, 0, 0, 0, 0, 0, 0, 0, 5, 35
"c:\Users\F_CIL\ProjectFC\CodeForVSC\lb1025.cpp", "C++", 0, 69, 0, 0, 0, 0, 0, 0, 0, 0, 0, 0, 0, 0, 15, 10, 94
"c:\Users\F_CIL\ProjectFC\CodeForVSC\lb1025digui.cpp", "C++", 0, 61, 0, 0, 0, 0, 0, 0, 0, 0, 0, 0, 0, 0, 28, 20, 109
"c:\Users\F_CIL\ProjectFC\CodeForVSC\lb1031.cpp", "C++", 0, 32, 0, 0, 0, 0, 0, 0, 0, 0, 0, 0, 0, 0, 2, 4, 38
"c:\Users\F_CIL\ProjectFC\CodeForVSC\lb1035.cpp", "C++", 0, 10, 0, 0, 0, 0, 0, 0, 0, 0, 0, 0, 0, 0, 0, 5, 15
"c:\Users\F_CIL\ProjectFC\CodeForVSC\lb1078.cpp", "C++", 0, 53, 0, 0, 0, 0, 0, 0, 0, 0, 0, 0, 0, 0, 6, 6, 65
"c:\Users\F_CIL\ProjectFC\CodeForVSC\lb1094.cpp", "C++", 0, 42, 0, 0, 0, 0, 0, 0, 0, 0, 0, 0, 0, 0, 1, 2, 45
"c:\Users\F_CIL\ProjectFC\CodeForVSC\lb1098.cpp", "C++", 0, 30, 0, 0, 0, 0, 0, 0, 0, 0, 0, 0, 0, 0, 0, 4, 34
"c:\Users\F_CIL\ProjectFC\CodeForVSC\lb1106.cpp", "C++", 0, 12, 0, 0, 0, 0, 0, 0, 0, 0, 0, 0, 0, 0, 0, 5, 17
"c:\Users\F_CIL\ProjectFC\CodeForVSC\lb112.cpp", "C++", 0, 51, 0, 0, 0, 0, 0, 0, 0, 0, 0, 0, 0, 0, 1, 5, 57
"c:\Users\F_CIL\ProjectFC\CodeForVSC\leetcode30.cpp", "C++", 0, 61, 0, 0, 0, 0, 0, 0, 0, 0, 0, 0, 0, 0, 17, 17, 95
"c:\Users\F_CIL\ProjectFC\CodeForVSC\leetcode438.cpp", "C++", 0, 50, 0, 0, 0, 0, 0, 0, 0, 0, 0, 0, 0, 0, 5, 16, 71
"c:\Users\F_CIL\ProjectFC\CodeForVSC\leetcode76.cpp", "C++", 0, 56, 0, 0, 0, 0, 0, 0, 0, 0, 0, 0, 0, 0, 8, 18, 82
"c:\Users\F_CIL\ProjectFC\CodeForVSC\leetcode810.cpp", "C++", 0, 24, 0, 0, 0, 0, 0, 0, 0, 0, 0, 0, 0, 0, 0, 8, 32
"c:\Users\F_CIL\ProjectFC\CodeForVSC\lh12hom.cpp", "C++", 0, 22, 0, 0, 0, 0, 0, 0, 0, 0, 0, 0, 0, 0, 0, 5, 27
"c:\Users\F_CIL\ProjectFC\CodeForVSC\lh29.cpp", "C++", 0, 43, 0, 0, 0, 0, 0, 0, 0, 0, 0, 0, 0, 0, 12, 11, 66
"c:\Users\F_CIL\ProjectFC\CodeForVSC\lhdbs1.cpp", "C++", 0, 34, 0, 0, 0, 0, 0, 0, 0, 0, 0, 0, 0, 0, 0, 3, 37
"c:\Users\F_CIL\ProjectFC\CodeForVSC\lhpta12.cpp", "C++", 0, 83, 0, 0, 0, 0, 0, 0, 0, 0, 0, 0, 0, 0, 27, 3, 113
"c:\Users\F_CIL\ProjectFC\CodeForVSC\lhtest.cpp", "C++", 0, 46, 0, 0, 0, 0, 0, 0, 0, 0, 0, 0, 0, 0, 53, 13, 112
"c:\Users\F_CIL\ProjectFC\CodeForVSC\lhtest.drawio", "Draw.io", 0, 0, 0, 0, 0, 0, 0, 0, 0, 206, 0, 0, 0, 0, 0, 1, 207
"c:\Users\F_CIL\ProjectFC\CodeForVSC\load.cpp", "C++", 0, 107, 0, 0, 0, 0, 0, 0, 0, 0, 0, 0, 0, 0, 4, 28, 139
"c:\Users\F_CIL\ProjectFC\CodeForVSC\lpr.cpp", "C++", 0, 39, 0, 0, 0, 0, 0, 0, 0, 0, 0, 0, 0, 0, 18, 8, 65
"c:\Users\F_CIL\ProjectFC\CodeForVSC\lqnoob1.cpp", "C++", 0, 21, 0, 0, 0, 0, 0, 0, 0, 0, 0, 0, 0, 0, 0, 0, 21
"c:\Users\F_CIL\ProjectFC\CodeForVSC\lqnoob2.cpp", "C++", 0, 16, 0, 0, 0, 0, 0, 0, 0, 0, 0, 0, 0, 0, 0, 0, 16
"c:\Users\F_CIL\ProjectFC\CodeForVSC\lqnoob3.cpp", "C++", 0, 15, 0, 0, 0, 0, 0, 0, 0, 0, 0, 0, 0, 0, 0, 0, 15
"c:\Users\F_CIL\ProjectFC\CodeForVSC\lqnoob4.cpp", "C++", 0, 15, 0, 0, 0, 0, 0, 0, 0, 0, 0, 0, 0, 0, 0, 0, 15
"c:\Users\F_CIL\ProjectFC\CodeForVSC\luogutd100.cpp", "C++", 0, 19, 0, 0, 0, 0, 0, 0, 0, 0, 0, 0, 0, 0, 10, 1, 30
"c:\Users\F_CIL\ProjectFC\CodeForVSC\luogutd101.cpp", "C++", 0, 27, 0, 0, 0, 0, 0, 0, 0, 0, 0, 0, 0, 0, 8, 0, 35
"c:\Users\F_CIL\ProjectFC\CodeForVSC\luogutd102.cpp", "C++", 0, 65, 0, 0, 0, 0, 0, 0, 0, 0, 0, 0, 0, 0, 0, 2, 67
"c:\Users\F_CIL\ProjectFC\CodeForVSC\luogutd211.cpp", "C++", 0, 63, 0, 0, 0, 0, 0, 0, 0, 0, 0, 0, 0, 0, 0, 0, 63
"c:\Users\F_CIL\ProjectFC\CodeForVSC\lyr.cpp", "C++", 0, 19, 0, 0, 0, 0, 0, 0, 0, 0, 0, 0, 0, 0, 0, 1, 20
"c:\Users\F_CIL\ProjectFC\CodeForVSC\magicstone.cpp", "C++", 0, 72, 0, 0, 0, 0, 0, 0, 0, 0, 0, 0, 0, 0, 2, 17, 91
"c:\Users\F_CIL\ProjectFC\CodeForVSC\matiji15A.cpp", "C++", 0, 29, 0, 0, 0, 0, 0, 0, 0, 0, 0, 0, 0, 0, 1, 3, 33
"c:\Users\F_CIL\ProjectFC\CodeForVSC\matiji16A.cpp", "C++", 0, 48, 0, 0, 0, 0, 0, 0, 0, 0, 0, 0, 0, 0, 0, 13, 61
"c:\Users\F_CIL\ProjectFC\CodeForVSC\matiji16B.cpp", "C++", 0, 25, 0, 0, 0, 0, 0, 0, 0, 0, 0, 0, 0, 0, 0, 11, 36
"c:\Users\F_CIL\ProjectFC\CodeForVSC\matiji16C.cpp", "C++", 0, 25, 0, 0, 0, 0, 0, 0, 0, 0, 0, 0, 0, 0, 0, 10, 35
"c:\Users\F_CIL\ProjectFC\CodeForVSC\matiji16D.cpp", "C++", 0, 32, 0, 0, 0, 0, 0, 0, 0, 0, 0, 0, 0, 0, 7, 3, 42
"c:\Users\F_CIL\ProjectFC\CodeForVSC\matiji16E.cpp", "C++", 0, 19, 0, 0, 0, 0, 0, 0, 0, 0, 0, 0, 0, 0, 1, 8, 28
"c:\Users\F_CIL\ProjectFC\CodeForVSC\matiji16F.cpp", "C++", 0, 27, 0, 0, 0, 0, 0, 0, 0, 0, 0, 0, 0, 0, 0, 8, 35
"c:\Users\F_CIL\ProjectFC\CodeForVSC\matiji17B.cpp", "C++", 0, 35, 0, 0, 0, 0, 0, 0, 0, 0, 0, 0, 0, 0, 0, 12, 47
"c:\Users\F_CIL\ProjectFC\CodeForVSC\matiji17C.cpp", "C++", 0, 129, 0, 0, 0, 0, 0, 0, 0, 0, 0, 0, 0, 0, 0, 1, 130
"c:\Users\F_CIL\ProjectFC\CodeForVSC\matiji18D.cpp", "C++", 0, 67, 0, 0, 0, 0, 0, 0, 0, 0, 0, 0, 0, 0, 0, 14, 81
"c:\Users\F_CIL\ProjectFC\CodeForVSC\matiji19A.cpp", "C++", 0, 33, 0, 0, 0, 0, 0, 0, 0, 0, 0, 0, 0, 0, 0, 9, 42
"c:\Users\F_CIL\ProjectFC\CodeForVSC\matiji19E.cpp", "C++", 0, 65, 0, 0, 0, 0, 0, 0, 0, 0, 0, 0, 0, 0, 0, 13, 78
"c:\Users\F_CIL\ProjectFC\CodeForVSC\matiji21.cpp", "C++", 0, 29, 0, 0, 0, 0, 0, 0, 0, 0, 0, 0, 0, 0, 0, 11, 40
"c:\Users\F_CIL\ProjectFC\CodeForVSC\matiji24.cpp", "C++", 0, 23, 0, 0, 0, 0, 0, 0, 0, 0, 0, 0, 0, 0, 0, 7, 30
"c:\Users\F_CIL\ProjectFC\CodeForVSC\matiji31.cpp", "C++", 0, 16, 0, 0, 0, 0, 0, 0, 0, 0, 0, 0, 0, 0, 1, 7, 24
"c:\Users\F_CIL\ProjectFC\CodeForVSC\matiji32.cpp", "C++", 0, 30, 0, 0, 0, 0, 0, 0, 0, 0, 0, 0, 0, 0, 0, 8, 38
"c:\Users\F_CIL\ProjectFC\CodeForVSC\matiji33.cpp", "C++", 0, 56, 0, 0, 0, 0, 0, 0, 0, 0, 0, 0, 0, 0, 0, 13, 69
"c:\Users\F_CIL\ProjectFC\CodeForVSC\matiji34.cpp", "C++", 0, 18, 0, 0, 0, 0, 0, 0, 0, 0, 0, 0, 0, 0, 0, 9, 27
"c:\Users\F_CIL\ProjectFC\CodeForVSC\matiji42.cpp", "C++", 0, 59, 0, 0, 0, 0, 0, 0, 0, 0, 0, 0, 0, 0, 5, 15, 79
"c:\Users\F_CIL\ProjectFC\CodeForVSC\matiji43.cpp", "C++", 0, 39, 0, 0, 0, 0, 0, 0, 0, 0, 0, 0, 0, 0, 0, 11, 50
"c:\Users\F_CIL\ProjectFC\CodeForVSC\matiji44.cpp", "C++", 0, 43, 0, 0, 0, 0, 0, 0, 0, 0, 0, 0, 0, 0, 10, 12, 65
"c:\Users\F_CIL\ProjectFC\CodeForVSC\matiji45.cpp", "C++", 0, 59, 0, 0, 0, 0, 0, 0, 0, 0, 0, 0, 0, 0, 18, 19, 96
"c:\Users\F_CIL\ProjectFC\CodeForVSC\matiji51.cpp", "C++", 0, 17, 0, 0, 0, 0, 0, 0, 0, 0, 0, 0, 0, 0, 0, 9, 26
"c:\Users\F_CIL\ProjectFC\CodeForVSC\matiji52.cpp", "C++", 0, 22, 0, 0, 0, 0, 0, 0, 0, 0, 0, 0, 0, 0, 0, 8, 30
"c:\Users\F_CIL\ProjectFC\CodeForVSC\matiji53.cpp", "C++", 0, 90, 0, 0, 0, 0, 0, 0, 0, 0, 0, 0, 0, 0, 0, 11, 101
"c:\Users\F_CIL\ProjectFC\CodeForVSC\matiji54.cpp", "C++", 0, 39, 0, 0, 0, 0, 0, 0, 0, 0, 0, 0, 0, 0, 4, 11, 54
"c:\Users\F_CIL\ProjectFC\CodeForVSC\matiji61.cpp", "C++", 0, 31, 0, 0, 0, 0, 0, 0, 0, 0, 0, 0, 0, 0, 0, 8, 39
"c:\Users\F_CIL\ProjectFC\CodeForVSC\matiji62.cpp", "C++", 0, 17, 0, 0, 0, 0, 0, 0, 0, 0, 0, 0, 0, 0, 0, 6, 23
"c:\Users\F_CIL\ProjectFC\CodeForVSC\matiji63.cpp", "C++", 0, 56, 0, 0, 0, 0, 0, 0, 0, 0, 0, 0, 0, 0, 0, 10, 66
"c:\Users\F_CIL\ProjectFC\CodeForVSC\matiji64.cpp", "C++", 0, 28, 0, 0, 0, 0, 0, 0, 0, 0, 0, 0, 0, 0, 0, 8, 36
"c:\Users\F_CIL\ProjectFC\CodeForVSC\matiji71.cpp", "C++", 0, 40, 0, 0, 0, 0, 0, 0, 0, 0, 0, 0, 0, 0, 0, 13, 53
"c:\Users\F_CIL\ProjectFC\CodeForVSC\matiji72.cpp", "C++", 0, 62, 0, 0, 0, 0, 0, 0, 0, 0, 0, 0, 0, 0, 0, 12, 74
"c:\Users\F_CIL\ProjectFC\CodeForVSC\matiji73.cpp", "C++", 0, 43, 0, 0, 0, 0, 0, 0, 0, 0, 0, 0, 0, 0, 0, 11, 54
"c:\Users\F_CIL\ProjectFC\CodeForVSC\matiji74.cpp", "C++", 0, 81, 0, 0, 0, 0, 0, 0, 0, 0, 0, 0, 0, 0, 12, 19, 112
"c:\Users\F_CIL\ProjectFC\CodeForVSC\matiji81.cpp", "C++", 0, 55, 0, 0, 0, 0, 0, 0, 0, 0, 0, 0, 0, 0, 0, 8, 63
"c:\Users\F_CIL\ProjectFC\CodeForVSC\matiji91.cpp", "C++", 0, 34, 0, 0, 0, 0, 0, 0, 0, 0, 0, 0, 0, 0, 11, 12, 57
"c:\Users\F_CIL\ProjectFC\CodeForVSC\matiji92.cpp", "C++", 0, 48, 0, 0, 0, 0, 0, 0, 0, 0, 0, 0, 0, 0, 2, 11, 61
"c:\Users\F_CIL\ProjectFC\CodeForVSC\matiji93.cpp", "C++", 0, 16, 0, 0, 0, 0, 0, 0, 0, 0, 0, 0, 0, 0, 0, 1, 17
"c:\Users\F_CIL\ProjectFC\CodeForVSC\matiji95.cpp", "C++", 0, 31, 0, 0, 0, 0, 0, 0, 0, 0, 0, 0, 0, 0, 0, 7, 38
"c:\Users\F_CIL\ProjectFC\CodeForVSC\matijioj2.cpp", "C++", 0, 35, 0, 0, 0, 0, 0, 0, 0, 0, 0, 0, 0, 0, 0, 12, 47
"c:\Users\F_CIL\ProjectFC\CodeForVSC\matijioj23.cpp", "C++", 0, 38, 0, 0, 0, 0, 0, 0, 0, 0, 0, 0, 0, 0, 0, 14, 52
"c:\Users\F_CIL\ProjectFC\CodeForVSC\matijioj3.cpp", "C++", 0, 24, 0, 0, 0, 0, 0, 0, 0, 0, 0, 0, 0, 0, 3, 9, 36
"c:\Users\F_CIL\ProjectFC\CodeForVSC\mergesort.cpp", "C++", 0, 43, 0, 0, 0, 0, 0, 0, 0, 0, 0, 0, 0, 0, 1, 10, 54
"c:\Users\F_CIL\ProjectFC\CodeForVSC\mice.cpp", "C++", 0, 183, 0, 0, 0, 0, 0, 0, 0, 0, 0, 0, 0, 0, 17, 1, 201
"c:\Users\F_CIL\ProjectFC\CodeForVSC\mntb1.cpp", "C++", 0, 29, 0, 0, 0, 0, 0, 0, 0, 0, 0, 0, 0, 0, 1, 1, 31
"c:\Users\F_CIL\ProjectFC\CodeForVSC\mntb2.cpp", "C++", 0, 38, 0, 0, 0, 0, 0, 0, 0, 0, 0, 0, 0, 0, 1, 0, 39
"c:\Users\F_CIL\ProjectFC\CodeForVSC\mntb3.cpp", "C++", 0, 65, 0, 0, 0, 0, 0, 0, 0, 0, 0, 0, 0, 0, 1, 1, 67
"c:\Users\F_CIL\ProjectFC\CodeForVSC\mul9E.cpp", "C++", 0, 81, 0, 0, 0, 0, 0, 0, 0, 0, 0, 0, 0, 0, 5, 5, 91
"c:\Users\F_CIL\ProjectFC\CodeForVSC\mutongtest.cpp", "C++", 0, 27, 0, 0, 0, 0, 0, 0, 0, 0, 0, 0, 0, 0, 0, 6, 33
"c:\Users\F_CIL\ProjectFC\CodeForVSC\nQueen.cpp", "C++", 0, 50, 0, 0, 0, 0, 0, 0, 0, 0, 0, 0, 0, 0, 17, 15, 82
"c:\Users\F_CIL\ProjectFC\CodeForVSC\nQueenBFS.cpp", "C++", 0, 70, 0, 0, 0, 0, 0, 0, 0, 0, 0, 0, 0, 0, 21, 1, 92
"c:\Users\F_CIL\ProjectFC\CodeForVSC\nav.svg", "XML", 0, 0, 0, 0, 1, 0, 0, 0, 0, 0, 0, 0, 0, 0, 0, 0, 1
"c:\Users\F_CIL\ProjectFC\CodeForVSC\neariestPoint.cpp", "C++", 0, 99, 0, 0, 0, 0, 0, 0, 0, 0, 0, 0, 0, 0, 48, 11, 158
"c:\Users\F_CIL\ProjectFC\CodeForVSC\netEase1.cpp", "C++", 0, 45, 0, 0, 0, 0, 0, 0, 0, 0, 0, 0, 0, 0, 0, 9, 54
"c:\Users\F_CIL\ProjectFC\CodeForVSC\netEase2.cpp", "C++", 0, 33, 0, 0, 0, 0, 0, 0, 0, 0, 0, 0, 0, 0, 1, 15, 49
"c:\Users\F_CIL\ProjectFC\CodeForVSC\netEase3.cpp", "C++", 0, 91, 0, 0, 0, 0, 0, 0, 0, 0, 0, 0, 0, 0, 1, 26, 118
"c:\Users\F_CIL\ProjectFC\CodeForVSC\newscA.cpp", "C++", 0, 29, 0, 0, 0, 0, 0, 0, 0, 0, 0, 0, 0, 0, 0, 0, 29
"c:\Users\F_CIL\ProjectFC\CodeForVSC\newscB.cpp", "C++", 0, 31, 0, 0, 0, 0, 0, 0, 0, 0, 0, 0, 0, 0, 16, 1, 48
"c:\Users\F_CIL\ProjectFC\CodeForVSC\newscC.cpp", "C++", 0, 45, 0, 0, 0, 0, 0, 0, 0, 0, 0, 0, 0, 0, 15, 0, 60
"c:\Users\F_CIL\ProjectFC\CodeForVSC\newscD.cpp", "C++", 0, 21, 0, 0, 0, 0, 0, 0, 0, 0, 0, 0, 0, 0, 0, 2, 23
"c:\Users\F_CIL\ProjectFC\CodeForVSC\newscE.cpp", "C++", 0, 21, 0, 0, 0, 0, 0, 0, 0, 0, 0, 0, 0, 0, 0, 2, 23
"c:\Users\F_CIL\ProjectFC\CodeForVSC\newscF.cpp", "C++", 0, 30, 0, 0, 0, 0, 0, 0, 0, 0, 0, 0, 0, 0, 0, 6, 36
"c:\Users\F_CIL\ProjectFC\CodeForVSC\newscG.cpp", "C++", 0, 21, 0, 0, 0, 0, 0, 0, 0, 0, 0, 0, 0, 0, 0, 2, 23
"c:\Users\F_CIL\ProjectFC\CodeForVSC\newscH.cpp", "C++", 0, 106, 0, 0, 0, 0, 0, 0, 0, 0, 0, 0, 0, 0, 0, 0, 106
"c:\Users\F_CIL\ProjectFC\CodeForVSC\newscI.cpp", "C++", 0, 21, 0, 0, 0, 0, 0, 0, 0, 0, 0, 0, 0, 0, 0, 2, 23
"c:\Users\F_CIL\ProjectFC\CodeForVSC\nhanghou.cpp", "C++", 0, 87, 0, 0, 0, 0, 0, 0, 0, 0, 0, 0, 0, 0, 0, 16, 103
"c:\Users\F_CIL\ProjectFC\CodeForVSC\ningmengweiqu.cpp", "C++", 0, 39, 0, 0, 0, 0, 0, 0, 0, 0, 0, 0, 0, 0, 10, 11, 60
"c:\Users\F_CIL\ProjectFC\CodeForVSC\ningmengweiqu2.cpp", "C++", 0, 70, 0, 0, 0, 0, 0, 0, 0, 0, 0, 0, 0, 0, 3, 17, 90
"c:\Users\F_CIL\ProjectFC\CodeForVSC\niuke1j.cpp", "C++", 0, 43, 0, 0, 0, 0, 0, 0, 0, 0, 0, 0, 0, 0, 0, 0, 43
"c:\Users\F_CIL\ProjectFC\CodeForVSC\niuke2021_8A.cpp", "C++", 0, 56, 0, 0, 0, 0, 0, 0, 0, 0, 0, 0, 0, 0, 1, 15, 72
"c:\Users\F_CIL\ProjectFC\CodeForVSC\niuke2021_8K.cpp", "C++", 0, 39, 0, 0, 0, 0, 0, 0, 0, 0, 0, 0, 0, 0, 0, 2, 41
"c:\Users\F_CIL\ProjectFC\CodeForVSC\niuke2021_9H.cpp", "C++", 0, 51, 0, 0, 0, 0, 0, 0, 0, 0, 0, 0, 0, 0, 5, 14, 70
"c:\Users\F_CIL\ProjectFC\CodeForVSC\niuke2b.cpp", "C++", 0, 72, 0, 0, 0, 0, 0, 0, 0, 0, 0, 0, 0, 0, 0, 6, 78
"c:\Users\F_CIL\ProjectFC\CodeForVSC\niuke2c.cpp", "C++", 0, 80, 0, 0, 0, 0, 0, 0, 0, 0, 0, 0, 0, 0, 1, 2, 83
"c:\Users\F_CIL\ProjectFC\CodeForVSC\niuke2f.cpp", "C++", 0, 50, 0, 0, 0, 0, 0, 0, 0, 0, 0, 0, 0, 0, 0, 1, 51
"c:\Users\F_CIL\ProjectFC\CodeForVSC\niuke2h.cpp", "C++", 0, 341, 0, 0, 0, 0, 0, 0, 0, 0, 0, 0, 0, 0, 0, 16, 357
"c:\Users\F_CIL\ProjectFC\CodeForVSC\niuke2j.cpp", "C++", 0, 45, 0, 0, 0, 0, 0, 0, 0, 0, 0, 0, 0, 0, 0, 0, 45
"c:\Users\F_CIL\ProjectFC\CodeForVSC\niuke3a.cpp", "C++", 0, 67, 0, 0, 0, 0, 0, 0, 0, 0, 0, 0, 0, 0, 9, 1, 77
"c:\Users\F_CIL\ProjectFC\CodeForVSC\niuke3b.cpp", "C++", 0, 36, 0, 0, 0, 0, 0, 0, 0, 0, 0, 0, 0, 0, 0, 0, 36
"c:\Users\F_CIL\ProjectFC\CodeForVSC\niuke3d.cpp", "C++", 0, 36, 0, 0, 0, 0, 0, 0, 0, 0, 0, 0, 0, 0, 0, 1, 37
"c:\Users\F_CIL\ProjectFC\CodeForVSC\niuke3f.cpp", "C++", 0, 65, 0, 0, 0, 0, 0, 0, 0, 0, 0, 0, 0, 0, 0, 4, 69
"c:\Users\F_CIL\ProjectFC\CodeForVSC\niuke3g.cpp", "C++", 0, 43, 0, 0, 0, 0, 0, 0, 0, 0, 0, 0, 0, 0, 0, 2, 45
"c:\Users\F_CIL\ProjectFC\CodeForVSC\niuke4b.cpp", "C++", 0, 52, 0, 0, 0, 0, 0, 0, 0, 0, 0, 0, 0, 0, 0, 0, 52
"c:\Users\F_CIL\ProjectFC\CodeForVSC\niuke4f.cpp", "C++", 0, 28, 0, 0, 0, 0, 0, 0, 0, 0, 0, 0, 0, 0, 0, 1, 29
"c:\Users\F_CIL\ProjectFC\CodeForVSC\niuke4h.cpp", "C++", 0, 88, 0, 0, 0, 0, 0, 0, 0, 0, 0, 0, 0, 0, 7, 1, 96
"c:\Users\F_CIL\ProjectFC\CodeForVSC\niuke5b.cpp", "C++", 0, 124, 0, 0, 0, 0, 0, 0, 0, 0, 0, 0, 0, 0, 8, 1, 133
"c:\Users\F_CIL\ProjectFC\CodeForVSC\niuke5e.cpp", "C++", 0, 235, 0, 0, 0, 0, 0, 0, 0, 0, 0, 0, 0, 0, 0, 1, 236
"c:\Users\F_CIL\ProjectFC\CodeForVSC\niuke6b.cpp", "C++", 0, 45, 0, 0, 0, 0, 0, 0, 0, 0, 0, 0, 0, 0, 0, 0, 45
"c:\Users\F_CIL\ProjectFC\CodeForVSC\niuke6c.cpp", "C++", 0, 41, 0, 0, 0, 0, 0, 0, 0, 0, 0, 0, 0, 0, 0, 0, 41
"c:\Users\F_CIL\ProjectFC\CodeForVSC\niuke6g.cpp", "C++", 0, 104, 0, 0, 0, 0, 0, 0, 0, 0, 0, 0, 0, 0, 0, 0, 104
"c:\Users\F_CIL\ProjectFC\CodeForVSC\niuke7b.cpp", "C++", 0, 41, 0, 0, 0, 0, 0, 0, 0, 0, 0, 0, 0, 0, 0, 0, 41
"c:\Users\F_CIL\ProjectFC\CodeForVSC\niuke7h.cpp", "C++", 0, 35, 0, 0, 0, 0, 0, 0, 0, 0, 0, 0, 0, 0, 5, 0, 40
"c:\Users\F_CIL\ProjectFC\CodeForVSC\niuke8g.cpp", "C++", 0, 73, 0, 0, 0, 0, 0, 0, 0, 0, 0, 0, 0, 0, 0, 3, 76
"c:\Users\F_CIL\ProjectFC\CodeForVSC\niuke8i.cpp", "C++", 0, 35, 0, 0, 0, 0, 0, 0, 0, 0, 0, 0, 0, 0, 19, 0, 54
"c:\Users\F_CIL\ProjectFC\CodeForVSC\niuke8k.cpp", "C++", 0, 55, 0, 0, 0, 0, 0, 0, 0, 0, 0, 0, 0, 0, 0, 1, 56
"c:\Users\F_CIL\ProjectFC\CodeForVSC\niuke9e.cpp", "C++", 0, 99, 0, 0, 0, 0, 0, 0, 0, 0, 0, 0, 0, 0, 7, 4, 110
"c:\Users\F_CIL\ProjectFC\CodeForVSC\niuke9f.cpp", "C++", 0, 57, 0, 0, 0, 0, 0, 0, 0, 0, 0, 0, 0, 0, 2, 1, 60
"c:\Users\F_CIL\ProjectFC\CodeForVSC\niuke9i.cpp", "C++", 0, 229, 0, 0, 0, 0, 0, 0, 0, 0, 0, 0, 0, 0, 2, 6, 237
"c:\Users\F_CIL\ProjectFC\CodeForVSC\niukec1a.cpp", "C++", 0, 69, 0, 0, 0, 0, 0, 0, 0, 0, 0, 0, 0, 0, 0, 0, 69
"c:\Users\F_CIL\ProjectFC\CodeForVSC\niukec1b.cpp", "C++", 0, 40, 0, 0, 0, 0, 0, 0, 0, 0, 0, 0, 0, 0, 0, 0, 40
"c:\Users\F_CIL\ProjectFC\CodeForVSC\niukec1c.cpp", "C++", 0, 49, 0, 0, 0, 0, 0, 0, 0, 0, 0, 0, 0, 0, 0, 0, 49
"c:\Users\F_CIL\ProjectFC\CodeForVSC\nowcodea.cpp", "C++", 0, 27, 0, 0, 0, 0, 0, 0, 0, 0, 0, 0, 0, 0, 8, 0, 35
"c:\Users\F_CIL\ProjectFC\CodeForVSC\nowcoderf.cpp", "C++", 0, 49, 0, 0, 0, 0, 0, 0, 0, 0, 0, 0, 0, 0, 0, 1, 50
"c:\Users\F_CIL\ProjectFC\CodeForVSC\ooptest1.cpp", "C++", 0, 30, 0, 0, 0, 0, 0, 0, 0, 0, 0, 0, 0, 0, 1, 6, 37
"c:\Users\F_CIL\ProjectFC\CodeForVSC\p1022.cpp", "C++", 0, 60, 0, 0, 0, 0, 0, 0, 0, 0, 0, 0, 0, 0, 11, 0, 71
"c:\Users\F_CIL\ProjectFC\CodeForVSC\p1053.cpp", "C++", 0, 60, 0, 0, 0, 0, 0, 0, 0, 0, 0, 0, 0, 0, 0, 2, 62
"c:\Users\F_CIL\ProjectFC\CodeForVSC\p1568.cpp", "C++", 0, 37, 0, 0, 0, 0, 0, 0, 0, 0, 0, 0, 0, 0, 17, 0, 54
"c:\Users\F_CIL\ProjectFC\CodeForVSC\p1832.cpp", "C++", 0, 29, 0, 0, 0, 0, 0, 0, 0, 0, 0, 0, 0, 0, 0, 2, 31
"c:\Users\F_CIL\ProjectFC\CodeForVSC\p1932.cpp", "C++", 0, 189, 0, 0, 0, 0, 0, 0, 0, 0, 0, 0, 0, 0, 0, 0, 189
"c:\Users\F_CIL\ProjectFC\CodeForVSC\p1976.cpp", "C++", 0, 39, 0, 0, 0, 0, 0, 0, 0, 0, 0, 0, 0, 0, 3, 3, 45
"c:\Users\F_CIL\ProjectFC\CodeForVSC\p2031.cpp", "C++", 0, 44, 0, 0, 0, 0, 0, 0, 0, 0, 0, 0, 0, 0, 10, 0, 54
"c:\Users\F_CIL\ProjectFC\CodeForVSC\p2257.cpp", "C++", 0, 61, 0, 0, 0, 0, 0, 0, 0, 0, 0, 0, 0, 0, 1, 0, 62
"c:\Users\F_CIL\ProjectFC\CodeForVSC\p2303.cpp", "C++", 0, 33, 0, 0, 0, 0, 0, 0, 0, 0, 0, 0, 0, 0, 0, 0, 33
"c:\Users\F_CIL\ProjectFC\CodeForVSC\p2568.cpp", "C++", 0, 47, 0, 0, 0, 0, 0, 0, 0, 0, 0, 0, 0, 0, 0, 1, 48
"c:\Users\F_CIL\ProjectFC\CodeForVSC\p2727.cpp", "C++", 0, 55, 0, 0, 0, 0, 0, 0, 0, 0, 0, 0, 0, 0, 2, 4, 61
"c:\Users\F_CIL\ProjectFC\CodeForVSC\p3131.cpp", "C++", 0, 27, 0, 0, 0, 0, 0, 0, 0, 0, 0, 0, 0, 0, 5, 0, 32
"c:\Users\F_CIL\ProjectFC\CodeForVSC\p3560.cpp", "C++", 0, 37, 0, 0, 0, 0, 0, 0, 0, 0, 0, 0, 0, 0, 2, 0, 39
"c:\Users\F_CIL\ProjectFC\CodeForVSC\p3935.cpp", "C++", 0, 40, 0, 0, 0, 0, 0, 0, 0, 0, 0, 0, 0, 0, 59, 2, 101
"c:\Users\F_CIL\ProjectFC\CodeForVSC\p4551.cpp", "C++", 0, 95, 0, 0, 0, 0, 0, 0, 0, 0, 0, 0, 0, 0, 4, 0, 99
"c:\Users\F_CIL\ProjectFC\CodeForVSC\p5788.cpp", "C++", 0, 36, 0, 0, 0, 0, 0, 0, 0, 0, 0, 0, 0, 0, 0, 0, 36
"c:\Users\F_CIL\ProjectFC\CodeForVSC\perdata.py", "Python", 0, 0, 0, 3, 0, 0, 0, 0, 0, 0, 0, 0, 0, 0, 0, 2, 5
"c:\Users\F_CIL\ProjectFC\CodeForVSC\permation.cpp", "C++", 0, 37, 0, 0, 0, 0, 0, 0, 0, 0, 0, 0, 0, 0, 0, 12, 49
"c:\Users\F_CIL\ProjectFC\CodeForVSC\poj1692.cpp", "C++", 0, 60, 0, 0, 0, 0, 0, 0, 0, 0, 0, 0, 0, 0, 6, 0, 66
"c:\Users\F_CIL\ProjectFC\CodeForVSC\poj2646.cpp", "C++", 0, 33, 0, 0, 0, 0, 0, 0, 0, 0, 0, 0, 0, 0, 3, 4, 40
"c:\Users\F_CIL\ProjectFC\CodeForVSC\price.cs", "C#", 22, 0, 0, 0, 0, 0, 0, 0, 0, 0, 0, 0, 0, 0, 1, 3, 26
"c:\Users\F_CIL\ProjectFC\CodeForVSC\prim.cpp", "C++", 0, 82, 0, 0, 0, 0, 0, 0, 0, 0, 0, 0, 0, 0, 14, 25, 121
"c:\Users\F_CIL\ProjectFC\CodeForVSC\pro9.cpp", "C++", 0, 36, 0, 0, 0, 0, 0, 0, 0, 0, 0, 0, 0, 0, 0, 0, 36
"c:\Users\F_CIL\ProjectFC\CodeForVSC\pta512.cpp", "C++", 0, 33, 0, 0, 0, 0, 0, 0, 0, 0, 0, 0, 0, 0, 9, 0, 42
"c:\Users\F_CIL\ProjectFC\CodeForVSC\pta513.cpp", "C++", 0, 0, 0, 0, 0, 0, 0, 0, 0, 0, 0, 0, 0, 0, 13, 0, 13
"c:\Users\F_CIL\ProjectFC\CodeForVSC\pta53.cpp", "C++", 0, 27, 0, 0, 0, 0, 0, 0, 0, 0, 0, 0, 0, 0, 0, 0, 27
"c:\Users\F_CIL\ProjectFC\CodeForVSC\pta54.cpp", "C++", 0, 12, 0, 0, 0, 0, 0, 0, 0, 0, 0, 0, 0, 0, 0, 0, 12
"c:\Users\F_CIL\ProjectFC\CodeForVSC\pta55.cpp", "C++", 0, 14, 0, 0, 0, 0, 0, 0, 0, 0, 0, 0, 0, 0, 0, 0, 14
"c:\Users\F_CIL\ProjectFC\CodeForVSC\pta56.cpp", "C++", 0, 21, 0, 0, 0, 0, 0, 0, 0, 0, 0, 0, 0, 0, 0, 0, 21
"c:\Users\F_CIL\ProjectFC\CodeForVSC\pta57.cpp", "C++", 0, 33, 0, 0, 0, 0, 0, 0, 0, 0, 0, 0, 0, 0, 9, 2, 44
"c:\Users\F_CIL\ProjectFC\CodeForVSC\pta61.cpp", "C++", 0, 10, 0, 0, 0, 0, 0, 0, 0, 0, 0, 0, 0, 0, 0, 0, 10
"c:\Users\F_CIL\ProjectFC\CodeForVSC\pta611.cpp", "C++", 0, 12, 0, 0, 0, 0, 0, 0, 0, 0, 0, 0, 0, 0, 0, 2, 14
"c:\Users\F_CIL\ProjectFC\CodeForVSC\pta612.cpp", "C++", 0, 19, 0, 0, 0, 0, 0, 0, 0, 0, 0, 0, 0, 0, 0, 0, 19
"c:\Users\F_CIL\ProjectFC\CodeForVSC\pta613.cpp", "C++", 0, 23, 0, 0, 0, 0, 0, 0, 0, 0, 0, 0, 0, 0, 0, 0, 23
"c:\Users\F_CIL\ProjectFC\CodeForVSC\pta62.cpp", "C++", 0, 10, 0, 0, 0, 0, 0, 0, 0, 0, 0, 0, 0, 0, 0, 1, 11
"c:\Users\F_CIL\ProjectFC\CodeForVSC\pta63.cpp", "C++", 0, 32, 0, 0, 0, 0, 0, 0, 0, 0, 0, 0, 0, 0, 0, 1, 33
"c:\Users\F_CIL\ProjectFC\CodeForVSC\pta64.cpp", "C++", 0, 44, 0, 0, 0, 0, 0, 0, 0, 0, 0, 0, 0, 0, 0, 0, 44
"c:\Users\F_CIL\ProjectFC\CodeForVSC\pta65.cpp", "C++", 0, 22, 0, 0, 0, 0, 0, 0, 0, 0, 0, 0, 0, 0, 0, 0, 22
"c:\Users\F_CIL\ProjectFC\CodeForVSC\pta68.cpp", "C++", 0, 31, 0, 0, 0, 0, 0, 0, 0, 0, 0, 0, 0, 0, 0, 2, 33
"c:\Users\F_CIL\ProjectFC\CodeForVSC\pta71.cpp", "C++", 0, 18, 0, 0, 0, 0, 0, 0, 0, 0, 0, 0, 0, 0, 0, 0, 18
"c:\Users\F_CIL\ProjectFC\CodeForVSC\pta710.cpp", "C++", 0, 47, 0, 0, 0, 0, 0, 0, 0, 0, 0, 0, 0, 0, 14, 1, 62
"c:\Users\F_CIL\ProjectFC\CodeForVSC\pta712.cpp", "C++", 0, 50, 0, 0, 0, 0, 0, 0, 0, 0, 0, 0, 0, 0, 1, 0, 51
"c:\Users\F_CIL\ProjectFC\CodeForVSC\pta714.cpp", "C++", 0, 104, 0, 0, 0, 0, 0, 0, 0, 0, 0, 0, 0, 0, 0, 2, 106
"c:\Users\F_CIL\ProjectFC\CodeForVSC\pta72.cpp", "C++", 0, 17, 0, 0, 0, 0, 0, 0, 0, 0, 0, 0, 0, 0, 0, 0, 17
"c:\Users\F_CIL\ProjectFC\CodeForVSC\pta74.cpp", "C++", 0, 24, 0, 0, 0, 0, 0, 0, 0, 0, 0, 0, 0, 0, 0, 0, 24
"c:\Users\F_CIL\ProjectFC\CodeForVSC\pta75.cpp", "C++", 0, 14, 0, 0, 0, 0, 0, 0, 0, 0, 0, 0, 0, 0, 0, 0, 14
"c:\Users\F_CIL\ProjectFC\CodeForVSC\pta76.cpp", "C++", 0, 51, 0, 0, 0, 0, 0, 0, 0, 0, 0, 0, 0, 0, 0, 0, 51
"c:\Users\F_CIL\ProjectFC\CodeForVSC\pta77.cpp", "C++", 0, 24, 0, 0, 0, 0, 0, 0, 0, 0, 0, 0, 0, 0, 0, 0, 24
"c:\Users\F_CIL\ProjectFC\CodeForVSC\pta78.cpp", "C++", 0, 30, 0, 0, 0, 0, 0, 0, 0, 0, 0, 0, 0, 0, 0, 0, 30
"c:\Users\F_CIL\ProjectFC\CodeForVSC\pta810.cpp", "C++", 0, 42, 0, 0, 0, 0, 0, 0, 0, 0, 0, 0, 0, 0, 0, 1, 43
"c:\Users\F_CIL\ProjectFC\CodeForVSC\pta812.cpp", "C++", 0, 99, 0, 0, 0, 0, 0, 0, 0, 0, 0, 0, 0, 0, 0, 0, 99
"c:\Users\F_CIL\ProjectFC\CodeForVSC\pta83.cpp", "C++", 0, 15, 0, 0, 0, 0, 0, 0, 0, 0, 0, 0, 0, 0, 0, 0, 15
"c:\Users\F_CIL\ProjectFC\CodeForVSC\pta84.cpp", "C++", 0, 13, 0, 0, 0, 0, 0, 0, 0, 0, 0, 0, 0, 0, 0, 0, 13
"c:\Users\F_CIL\ProjectFC\CodeForVSC\pta85.cpp", "C++", 0, 15, 0, 0, 0, 0, 0, 0, 0, 0, 0, 0, 0, 0, 0, 0, 15
"c:\Users\F_CIL\ProjectFC\CodeForVSC\pta86.cpp", "C++", 0, 29, 0, 0, 0, 0, 0, 0, 0, 0, 0, 0, 0, 0, 0, 0, 29
"c:\Users\F_CIL\ProjectFC\CodeForVSC\pta89.cpp", "C++", 0, 39, 0, 0, 0, 0, 0, 0, 0, 0, 0, 0, 0, 0, 0, 0, 39
"c:\Users\F_CIL\ProjectFC\CodeForVSC\pta911.cpp", "C++", 0, 79, 0, 0, 0, 0, 0, 0, 0, 0, 0, 0, 0, 0, 7, 1, 87
"c:\Users\F_CIL\ProjectFC\CodeForVSC\pta915.cpp", "C++", 0, 79, 0, 0, 0, 0, 0, 0, 0, 0, 0, 0, 0, 0, 11, 0, 90
"c:\Users\F_CIL\ProjectFC\CodeForVSC\pta95.cpp", "C++", 0, 62, 0, 0, 0, 0, 0, 0, 0, 0, 0, 0, 0, 0, 0, 3, 65
"c:\Users\F_CIL\ProjectFC\CodeForVSC\pta98.cpp", "C++", 0, 39, 0, 0, 0, 0, 0, 0, 0, 0, 0, 0, 0, 0, 0, 0, 39
"c:\Users\F_CIL\ProjectFC\CodeForVSC\pydraw.py", "Python", 0, 0, 0, 34, 0, 0, 0, 0, 0, 0, 0, 0, 0, 0, 5, 4, 43
"c:\Users\F_CIL\ProjectFC\CodeForVSC\sb.svg", "XML", 0, 0, 0, 0, 1, 0, 0, 0, 0, 0, 0, 0, 0, 0, 0, 0, 1
"c:\Users\F_CIL\ProjectFC\CodeForVSC\sb1.c", "C", 0, 0, 14, 0, 0, 0, 0, 0, 0, 0, 0, 0, 0, 0, 0, 4, 18
"c:\Users\F_CIL\ProjectFC\CodeForVSC\sb10.c", "C", 0, 0, 9, 0, 0, 0, 0, 0, 0, 0, 0, 0, 0, 0, 1, 2, 12
"c:\Users\F_CIL\ProjectFC\CodeForVSC\sb11.c", "C", 0, 0, 7, 0, 0, 0, 0, 0, 0, 0, 0, 0, 0, 0, 0, 1, 8
"c:\Users\F_CIL\ProjectFC\CodeForVSC\sb12.c", "C", 0, 0, 15, 0, 0, 0, 0, 0, 0, 0, 0, 0, 0, 0, 0, 2, 17
"c:\Users\F_CIL\ProjectFC\CodeForVSC\sb13.c", "C", 0, 0, 29, 0, 0, 0, 0, 0, 0, 0, 0, 0, 0, 0, 0, 4, 33
"c:\Users\F_CIL\ProjectFC\CodeForVSC\sb14.c", "C", 0, 0, 27, 0, 0, 0, 0, 0, 0, 0, 0, 0, 0, 0, 0, 7, 34
"c:\Users\F_CIL\ProjectFC\CodeForVSC\sb15.c", "C", 0, 0, 13, 0, 0, 0, 0, 0, 0, 0, 0, 0, 0, 0, 7, 1, 21
"c:\Users\F_CIL\ProjectFC\CodeForVSC\sb16.c", "C", 0, 0, 20, 0, 0, 0, 0, 0, 0, 0, 0, 0, 0, 0, 0, 8, 28
"c:\Users\F_CIL\ProjectFC\CodeForVSC\sb17.c", "C", 0, 0, 56, 0, 0, 0, 0, 0, 0, 0, 0, 0, 0, 0, 5, 2, 63
"c:\Users\F_CIL\ProjectFC\CodeForVSC\sb18.c", "C", 0, 0, 14, 0, 0, 0, 0, 0, 0, 0, 0, 0, 0, 0, 0, 4, 18
"c:\Users\F_CIL\ProjectFC\CodeForVSC\sb19.c", "C", 0, 0, 34, 0, 0, 0, 0, 0, 0, 0, 0, 0, 0, 0, 0, 5, 39
"c:\Users\F_CIL\ProjectFC\CodeForVSC\sb2.c", "C", 0, 0, 23, 0, 0, 0, 0, 0, 0, 0, 0, 0, 0, 0, 1, 6, 30
"c:\Users\F_CIL\ProjectFC\CodeForVSC\sb20.c", "C", 0, 0, 13, 0, 0, 0, 0, 0, 0, 0, 0, 0, 0, 0, 0, 2, 15
"c:\Users\F_CIL\ProjectFC\CodeForVSC\sb21.c", "C", 0, 0, 22, 0, 0, 0, 0, 0, 0, 0, 0, 0, 0, 0, 0, 4, 26
"c:\Users\F_CIL\ProjectFC\CodeForVSC\sb22.c", "C", 0, 0, 25, 0, 0, 0, 0, 0, 0, 0, 0, 0, 0, 0, 0, 5, 30
"c:\Users\F_CIL\ProjectFC\CodeForVSC\sb23.c", "C", 0, 0, 57, 0, 0, 0, 0, 0, 0, 0, 0, 0, 0, 0, 0, 12, 69
"c:\Users\F_CIL\ProjectFC\CodeForVSC\sb24.c", "C", 0, 0, 16, 0, 0, 0, 0, 0, 0, 0, 0, 0, 0, 0, 0, 4, 20
"c:\Users\F_CIL\ProjectFC\CodeForVSC\sb25.c", "C", 0, 0, 36, 0, 0, 0, 0, 0, 0, 0, 0, 0, 0, 0, 0, 10, 46
"c:\Users\F_CIL\ProjectFC\CodeForVSC\sb26.c", "C", 0, 0, 15, 0, 0, 0, 0, 0, 0, 0, 0, 0, 0, 0, 0, 7, 22
"c:\Users\F_CIL\ProjectFC\CodeForVSC\sb27.c", "C", 0, 0, 40, 0, 0, 0, 0, 0, 0, 0, 0, 0, 0, 0, 1, 3, 44
"c:\Users\F_CIL\ProjectFC\CodeForVSC\sb28.c", "C", 0, 0, 23, 0, 0, 0, 0, 0, 0, 0, 0, 0, 0, 0, 0, 6, 29
"c:\Users\F_CIL\ProjectFC\CodeForVSC\sb29.c", "C", 0, 0, 24, 0, 0, 0, 0, 0, 0, 0, 0, 0, 0, 0, 0, 7, 31
"c:\Users\F_CIL\ProjectFC\CodeForVSC\sb3.c", "C", 0, 0, 13, 0, 0, 0, 0, 0, 0, 0, 0, 0, 0, 0, 0, 5, 18
"c:\Users\F_CIL\ProjectFC\CodeForVSC\sb30.c", "C", 0, 0, 24, 0, 0, 0, 0, 0, 0, 0, 0, 0, 0, 0, 1, 10, 35
"c:\Users\F_CIL\ProjectFC\CodeForVSC\sb31.c", "C", 0, 0, 34, 0, 0, 0, 0, 0, 0, 0, 0, 0, 0, 0, 0, 4, 38
"c:\Users\F_CIL\ProjectFC\CodeForVSC\sb32.c", "C", 0, 0, 42, 0, 0, 0, 0, 0, 0, 0, 0, 0, 0, 0, 0, 8, 50
"c:\Users\F_CIL\ProjectFC\CodeForVSC\sb33.c", "C", 0, 0, 13, 0, 0, 0, 0, 0, 0, 0, 0, 0, 0, 0, 0, 4, 17
"c:\Users\F_CIL\ProjectFC\CodeForVSC\sb34.c", "C", 0, 0, 27, 0, 0, 0, 0, 0, 0, 0, 0, 0, 0, 0, 14, 8, 49
"c:\Users\F_CIL\ProjectFC\CodeForVSC\sb35.c", "C", 0, 0, 36, 0, 0, 0, 0, 0, 0, 0, 0, 0, 0, 0, 12, 10, 58
"c:\Users\F_CIL\ProjectFC\CodeForVSC\sb36.c", "C", 0, 0, 24, 0, 0, 0, 0, 0, 0, 0, 0, 0, 0, 0, 10, 5, 39
"c:\Users\F_CIL\ProjectFC\CodeForVSC\sb37.c", "C", 0, 0, 25, 0, 0, 0, 0, 0, 0, 0, 0, 0, 0, 0, 0, 1, 26
"c:\Users\F_CIL\ProjectFC\CodeForVSC\sb38.c", "C", 0, 0, 13, 0, 0, 0, 0, 0, 0, 0, 0, 0, 0, 0, 0, 5, 18
"c:\Users\F_CIL\ProjectFC\CodeForVSC\sb39.c", "C", 0, 0, 10, 0, 0, 0, 0, 0, 0, 0, 0, 0, 0, 0, 6, 4, 20
"c:\Users\F_CIL\ProjectFC\CodeForVSC\sb4.c", "C", 0, 0, 22, 0, 0, 0, 0, 0, 0, 0, 0, 0, 0, 0, 0, 4, 26
"c:\Users\F_CIL\ProjectFC\CodeForVSC\sb40.c", "C", 0, 0, 27, 0, 0, 0, 0, 0, 0, 0, 0, 0, 0, 0, 1, 3, 31
"c:\Users\F_CIL\ProjectFC\CodeForVSC\sb41.c", "C", 0, 0, 15, 0, 0, 0, 0, 0, 0, 0, 0, 0, 0, 0, 0, 4, 19
"c:\Users\F_CIL\ProjectFC\CodeForVSC\sb42.c", "C", 0, 0, 31, 0, 0, 0, 0, 0, 0, 0, 0, 0, 0, 0, 0, 6, 37
"c:\Users\F_CIL\ProjectFC\CodeForVSC\sb43.c", "C", 0, 0, 28, 0, 0, 0, 0, 0, 0, 0, 0, 0, 0, 0, 2, 1, 31
"c:\Users\F_CIL\ProjectFC\CodeForVSC\sb44.c", "C", 0, 0, 41, 0, 0, 0, 0, 0, 0, 0, 0, 0, 0, 0, 0, 7, 48
"c:\Users\F_CIL\ProjectFC\CodeForVSC\sb45.c", "C", 0, 0, 28, 0, 0, 0, 0, 0, 0, 0, 0, 0, 0, 0, 0, 5, 33
"c:\Users\F_CIL\ProjectFC\CodeForVSC\sb46.c", "C", 0, 0, 13, 0, 0, 0, 0, 0, 0, 0, 0, 0, 0, 0, 0, 4, 17
"c:\Users\F_CIL\ProjectFC\CodeForVSC\sb47.c", "C", 0, 0, 27, 0, 0, 0, 0, 0, 0, 0, 0, 0, 0, 0, 1, 5, 33
"c:\Users\F_CIL\ProjectFC\CodeForVSC\sb48.c", "C", 0, 0, 32, 0, 0, 0, 0, 0, 0, 0, 0, 0, 0, 0, 0, 6, 38
"c:\Users\F_CIL\ProjectFC\CodeForVSC\sb49.c", "C", 0, 0, 34, 0, 0, 0, 0, 0, 0, 0, 0, 0, 0, 0, 0, 7, 41
"c:\Users\F_CIL\ProjectFC\CodeForVSC\sb5.c", "C", 0, 0, 11, 0, 0, 0, 0, 0, 0, 0, 0, 0, 0, 0, 0, 4, 15
"c:\Users\F_CIL\ProjectFC\CodeForVSC\sb50.c", "C", 0, 0, 10, 0, 0, 0, 0, 0, 0, 0, 0, 0, 0, 0, 10, 4, 24
"c:\Users\F_CIL\ProjectFC\CodeForVSC\sb51.c", "C", 0, 0, 71, 0, 0, 0, 0, 0, 0, 0, 0, 0, 0, 0, 4, 8, 83
"c:\Users\F_CIL\ProjectFC\CodeForVSC\sb52.c", "C", 0, 0, 19, 0, 0, 0, 0, 0, 0, 0, 0, 0, 0, 0, 0, 8, 27
"c:\Users\F_CIL\ProjectFC\CodeForVSC\sb53.c", "C", 0, 0, 20, 0, 0, 0, 0, 0, 0, 0, 0, 0, 0, 0, 7, 4, 31
"c:\Users\F_CIL\ProjectFC\CodeForVSC\sb54.c", "C", 0, 0, 46, 0, 0, 0, 0, 0, 0, 0, 0, 0, 0, 0, 3, 9, 58
"c:\Users\F_CIL\ProjectFC\CodeForVSC\sb55.c", "C", 0, 0, 19, 0, 0, 0, 0, 0, 0, 0, 0, 0, 0, 0, 0, 4, 23
"c:\Users\F_CIL\ProjectFC\CodeForVSC\sb56.c", "C", 0, 0, 35, 0, 0, 0, 0, 0, 0, 0, 0, 0, 0, 0, 0, 8, 43
"c:\Users\F_CIL\ProjectFC\CodeForVSC\sb57.c", "C", 0, 0, 39, 0, 0, 0, 0, 0, 0, 0, 0, 0, 0, 0, 9, 10, 58
"c:\Users\F_CIL\ProjectFC\CodeForVSC\sb58.c", "C", 0, 0, 14, 0, 0, 0, 0, 0, 0, 0, 0, 0, 0, 0, 0, 4, 18
"c:\Users\F_CIL\ProjectFC\CodeForVSC\sb59.c", "C", 0, 0, 18, 0, 0, 0, 0, 0, 0, 0, 0, 0, 0, 0, 0, 7, 25
"c:\Users\F_CIL\ProjectFC\CodeForVSC\sb6.c", "C", 0, 0, 62, 0, 0, 0, 0, 0, 0, 0, 0, 0, 0, 0, 0, 4, 66
"c:\Users\F_CIL\ProjectFC\CodeForVSC\sb60.c", "C", 0, 0, 21, 0, 0, 0, 0, 0, 0, 0, 0, 0, 0, 0, 0, 7, 28
"c:\Users\F_CIL\ProjectFC\CodeForVSC\sb61.c", "C", 0, 0, 24, 0, 0, 0, 0, 0, 0, 0, 0, 0, 0, 0, 0, 6, 30
"c:\Users\F_CIL\ProjectFC\CodeForVSC\sb62.c", "C", 0, 0, 17, 0, 0, 0, 0, 0, 0, 0, 0, 0, 0, 0, 0, 7, 24
"c:\Users\F_CIL\ProjectFC\CodeForVSC\sb63.c", "C", 0, 0, 33, 0, 0, 0, 0, 0, 0, 0, 0, 0, 0, 0, 10, 7, 50
"c:\Users\F_CIL\ProjectFC\CodeForVSC\sb64.c", "C", 0, 0, 33, 0, 0, 0, 0, 0, 0, 0, 0, 0, 0, 0, 0, 5, 38
"c:\Users\F_CIL\ProjectFC\CodeForVSC\sb65.c", "C", 0, 0, 54, 0, 0, 0, 0, 0, 0, 0, 0, 0, 0, 0, 10, 8, 72
"c:\Users\F_CIL\ProjectFC\CodeForVSC\sb66.c", "C", 0, 0, 20, 0, 0, 0, 0, 0, 0, 0, 0, 0, 0, 0, 0, 5, 25
"c:\Users\F_CIL\ProjectFC\CodeForVSC\sb67.c", "C", 0, 0, 28, 0, 0, 0, 0, 0, 0, 0, 0, 0, 0, 0, 0, 9, 37
"c:\Users\F_CIL\ProjectFC\CodeForVSC\sb68.c", "C", 0, 0, 44, 0, 0, 0, 0, 0, 0, 0, 0, 0, 0, 0, 1, 13, 58
"c:\Users\F_CIL\ProjectFC\CodeForVSC\sb69.c", "C", 0, 0, 16, 0, 0, 0, 0, 0, 0, 0, 0, 0, 0, 0, 0, 4, 20
"c:\Users\F_CIL\ProjectFC\CodeForVSC\sb7.c", "C", 0, 0, 30, 0, 0, 0, 0, 0, 0, 0, 0, 0, 0, 0, 1, 8, 39
"c:\Users\F_CIL\ProjectFC\CodeForVSC\sb70.c", "C", 0, 0, 24, 0, 0, 0, 0, 0, 0, 0, 0, 0, 0, 0, 0, 8, 32
"c:\Users\F_CIL\ProjectFC\CodeForVSC\sb71.c", "C", 0, 0, 16, 0, 0, 0, 0, 0, 0, 0, 0, 0, 0, 0, 8, 4, 28
"c:\Users\F_CIL\ProjectFC\CodeForVSC\sb72.c", "C", 0, 0, 63, 0, 0, 0, 0, 0, 0, 0, 0, 0, 0, 0, 0, 10, 73
"c:\Users\F_CIL\ProjectFC\CodeForVSC\sb73.c", "C", 0, 0, 133, 0, 0, 0, 0, 0, 0, 0, 0, 0, 0, 0, 0, 13, 146
"c:\Users\F_CIL\ProjectFC\CodeForVSC\sb74.c", "C", 0, 0, 47, 0, 0, 0, 0, 0, 0, 0, 0, 0, 0, 0, 0, 11, 58
"c:\Users\F_CIL\ProjectFC\CodeForVSC\sb75.c", "C", 0, 0, 37, 0, 0, 0, 0, 0, 0, 0, 0, 0, 0, 0, 0, 1, 38
"c:\Users\F_CIL\ProjectFC\CodeForVSC\sb76.c", "C", 0, 0, 42, 0, 0, 0, 0, 0, 0, 0, 0, 0, 0, 0, 0, 8, 50
"c:\Users\F_CIL\ProjectFC\CodeForVSC\sb78.c", "C", 0, 0, 17, 0, 0, 0, 0, 0, 0, 0, 0, 0, 0, 0, 0, 5, 22
"c:\Users\F_CIL\ProjectFC\CodeForVSC\sb79.c", "C", 0, 0, 10, 0, 0, 0, 0, 0, 0, 0, 0, 0, 0, 0, 0, 4, 14
"c:\Users\F_CIL\ProjectFC\CodeForVSC\sb8.c", "C", 0, 0, 27, 0, 0, 0, 0, 0, 0, 0, 0, 0, 0, 0, 0, 2, 29
"c:\Users\F_CIL\ProjectFC\CodeForVSC\sb80.c", "C", 0, 0, 16, 0, 0, 0, 0, 0, 0, 0, 0, 0, 0, 0, 0, 2, 18
"c:\Users\F_CIL\ProjectFC\CodeForVSC\sb81.c", "C", 0, 0, 19, 0, 0, 0, 0, 0, 0, 0, 0, 0, 0, 0, 0, 4, 23
"c:\Users\F_CIL\ProjectFC\CodeForVSC\sb82.c", "C", 0, 0, 13, 0, 0, 0, 0, 0, 0, 0, 0, 0, 0, 0, 0, 4, 17
"c:\Users\F_CIL\ProjectFC\CodeForVSC\sb83.c", "C", 0, 0, 13, 0, 0, 0, 0, 0, 0, 0, 0, 0, 0, 0, 0, 4, 17
"c:\Users\F_CIL\ProjectFC\CodeForVSC\sb84.c", "C", 0, 0, 18, 0, 0, 0, 0, 0, 0, 0, 0, 0, 0, 0, 0, 4, 22
"c:\Users\F_CIL\ProjectFC\CodeForVSC\sb85.c", "C", 0, 0, 31, 0, 0, 0, 0, 0, 0, 0, 0, 0, 0, 0, 0, 7, 38
"c:\Users\F_CIL\ProjectFC\CodeForVSC\sb86.c", "C", 0, 0, 20, 0, 0, 0, 0, 0, 0, 0, 0, 0, 0, 0, 0, 6, 26
"c:\Users\F_CIL\ProjectFC\CodeForVSC\sb87.c", "C", 0, 0, 18, 0, 0, 0, 0, 0, 0, 0, 0, 0, 0, 0, 0, 5, 23
"c:\Users\F_CIL\ProjectFC\CodeForVSC\sb88.c", "C", 0, 0, 45, 0, 0, 0, 0, 0, 0, 0, 0, 0, 0, 0, 0, 9, 54
"c:\Users\F_CIL\ProjectFC\CodeForVSC\sb89.c", "C", 0, 0, 19, 0, 0, 0, 0, 0, 0, 0, 0, 0, 0, 0, 0, 6, 25
"c:\Users\F_CIL\ProjectFC\CodeForVSC\sb9.c", "C", 0, 0, 25, 0, 0, 0, 0, 0, 0, 0, 0, 0, 0, 0, 1, 1, 27
"c:\Users\F_CIL\ProjectFC\CodeForVSC\sb90.c", "C", 0, 0, 26, 0, 0, 0, 0, 0, 0, 0, 0, 0, 0, 0, 0, 5, 31
"c:\Users\F_CIL\ProjectFC\CodeForVSC\selectsort.cpp", "C++", 0, 36, 0, 0, 0, 0, 0, 0, 0, 0, 0, 0, 0, 0, 4, 9, 49
"c:\Users\F_CIL\ProjectFC\CodeForVSC\sleeptolate.cpp", "C++", 0, 87, 0, 0, 0, 0, 0, 0, 0, 0, 0, 0, 0, 0, 12, 9, 108
"c:\Users\F_CIL\ProjectFC\CodeForVSC\sp3871.cpp", "C++", 0, 57, 0, 0, 0, 0, 0, 0, 0, 0, 0, 0, 0, 0, 11, 0, 68
"c:\Users\F_CIL\ProjectFC\CodeForVSC\statePattern.cpp", "C++", 0, 90, 0, 0, 0, 0, 0, 0, 0, 0, 0, 0, 0, 0, 0, 13, 103
"c:\Users\F_CIL\ProjectFC\CodeForVSC\string.cpp", "C++", 0, 35, 0, 0, 0, 0, 0, 0, 0, 0, 0, 0, 0, 0, 4, 3, 42
"c:\Users\F_CIL\ProjectFC\CodeForVSC\tempCodeRunnerFile.cpp", "C++", 0, 8, 0, 0, 0, 0, 0, 0, 0, 0, 0, 0, 0, 0, 0, 3, 11
"c:\Users\F_CIL\ProjectFC\CodeForVSC\test.cpp", "C++", 0, 22, 0, 0, 0, 0, 0, 0, 0, 0, 0, 0, 0, 0, 12, 12, 46
"c:\Users\F_CIL\ProjectFC\CodeForVSC\test.html", "HTML", 0, 0, 0, 0, 0, 12, 0, 0, 0, 0, 0, 0, 0, 0, 0, 5, 17
"c:\Users\F_CIL\ProjectFC\CodeForVSC\test.js", "JavaScript", 0, 0, 0, 0, 0, 0, 0, 0, 230, 0, 0, 0, 0, 0, 0, 4, 234
"c:\Users\F_CIL\ProjectFC\CodeForVSC\test3_1.cpp", "C++", 0, 114, 0, 0, 0, 0, 0, 0, 0, 0, 0, 0, 0, 0, 46, 18, 178
"c:\Users\F_CIL\ProjectFC\CodeForVSC\test3_1.svg", "XML", 0, 0, 0, 0, 1, 0, 0, 0, 0, 0, 0, 0, 0, 0, 0, 0, 1
"c:\Users\F_CIL\ProjectFC\CodeForVSC\testfriend.cpp", "C++", 0, 18, 0, 0, 0, 0, 0, 0, 0, 0, 0, 0, 0, 0, 15, 9, 42
"c:\Users\F_CIL\ProjectFC\CodeForVSC\testwork.cpp", "C++", 0, 0, 0, 0, 0, 0, 0, 0, 0, 0, 0, 0, 0, 0, 0, 1, 1
"c:\Users\F_CIL\ProjectFC\CodeForVSC\tidai1.cpp", "C++", 0, 16, 0, 0, 0, 0, 0, 0, 0, 0, 0, 0, 0, 0, 0, 7, 23
"c:\Users\F_CIL\ProjectFC\CodeForVSC\tidai2.cpp", "C++", 0, 20, 0, 0, 0, 0, 0, 0, 0, 0, 0, 0, 0, 0, 0, 8, 28
"c:\Users\F_CIL\ProjectFC\CodeForVSC\tidai3.cpp", "C++", 0, 13, 0, 0, 0, 0, 0, 0, 0, 0, 0, 0, 0, 0, 0, 6, 19
"c:\Users\F_CIL\ProjectFC\CodeForVSC\tidai4.cpp", "C++", 0, 100, 0, 0, 0, 0, 0, 0, 0, 0, 0, 0, 0, 0, 0, 14, 114
"c:\Users\F_CIL\ProjectFC\CodeForVSC\tidai5.cpp", "C++", 0, 36, 0, 0, 0, 0, 0, 0, 0, 0, 0, 0, 0, 0, 0, 13, 49
"c:\Users\F_CIL\ProjectFC\CodeForVSC\tjb.py", "Python", 0, 0, 0, 1, 0, 0, 0, 0, 0, 0, 0, 0, 0, 0, 0, 1, 2
"c:\Users\F_CIL\ProjectFC\CodeForVSC\tmp1.cpp", "C++", 0, 73, 0, 0, 0, 0, 0, 0, 0, 0, 0, 0, 0, 0, 13, 16, 102
"c:\Users\F_CIL\ProjectFC\CodeForVSC\tmp2.cpp", "C++", 0, 78, 0, 0, 0, 0, 0, 0, 0, 0, 0, 0, 0, 0, 33, 6, 117
"c:\Users\F_CIL\ProjectFC\CodeForVSC\toUp.cpp", "C++", 0, 24, 0, 0, 0, 0, 0, 0, 0, 0, 0, 0, 0, 0, 0, 5, 29
"c:\Users\F_CIL\ProjectFC\CodeForVSC\tomorrow.cpp", "C++", 0, 54, 0, 0, 0, 0, 0, 0, 0, 0, 0, 0, 0, 0, 0, 10, 64
"c:\Users\F_CIL\ProjectFC\CodeForVSC\triangledivide.cpp", "C++", 0, 51, 0, 0, 0, 0, 0, 0, 0, 0, 0, 0, 0, 0, 0, 10, 61
"c:\Users\F_CIL\ProjectFC\CodeForVSC\tsp.cpp", "C++", 0, 38, 0, 0, 0, 0, 0, 0, 0, 0, 0, 0, 0, 0, 1, 12, 51
"c:\Users\F_CIL\ProjectFC\CodeForVSC\ttt.cpp", "C++", 0, 10, 0, 0, 0, 0, 0, 0, 0, 0, 0, 0, 0, 0, 0, 3, 13
"c:\Users\F_CIL\ProjectFC\CodeForVSC\updata.cpp", "C++", 0, 13, 0, 0, 0, 0, 0, 0, 0, 0, 0, 0, 0, 0, 0, 4, 17
"c:\Users\F_CIL\ProjectFC\CodeForVSC\vacmA.cpp", "C++", 0, 22, 0, 0, 0, 0, 0, 0, 0, 0, 0, 0, 0, 0, 1, 1, 24
"c:\Users\F_CIL\ProjectFC\CodeForVSC\vacmB.cpp", "C++", 0, 30, 0, 0, 0, 0, 0, 0, 0, 0, 0, 0, 0, 0, 1, 1, 32
"c:\Users\F_CIL\ProjectFC\CodeForVSC\vacmC.cpp", "C++", 0, 23, 0, 0, 0, 0, 0, 0, 0, 0, 0, 0, 0, 0, 1, 0, 24
"c:\Users\F_CIL\ProjectFC\CodeForVSC\vacmD.cpp", "C++", 0, 19, 0, 0, 0, 0, 0, 0, 0, 0, 0, 0, 0, 0, 2, 0, 21
"c:\Users\F_CIL\ProjectFC\CodeForVSC\vacmE.cpp", "C++", 0, 110, 0, 0, 0, 0, 0, 0, 0, 0, 0, 0, 0, 0, 18, 0, 128
"c:\Users\F_CIL\ProjectFC\CodeForVSC\vacmF.cpp", "C++", 0, 21, 0, 0, 0, 0, 0, 0, 0, 0, 0, 0, 0, 0, 1, 0, 22
"c:\Users\F_CIL\ProjectFC\CodeForVSC\vacmG.cpp", "C++", 0, 15, 0, 0, 0, 0, 0, 0, 0, 0, 0, 0, 0, 0, 1, 0, 16
"c:\Users\F_CIL\ProjectFC\CodeForVSC\vacmH.cpp", "C++", 0, 36, 0, 0, 0, 0, 0, 0, 0, 0, 0, 0, 0, 0, 18, 0, 54
"c:\Users\F_CIL\ProjectFC\CodeForVSC\vacmI.cpp", "C++", 0, 23, 0, 0, 0, 0, 0, 0, 0, 0, 0, 0, 0, 0, 2, 0, 25
"c:\Users\F_CIL\ProjectFC\CodeForVSC\vacmJ.cpp", "C++", 0, 11, 0, 0, 0, 0, 0, 0, 0, 0, 0, 0, 0, 0, 0, 0, 11
"c:\Users\F_CIL\ProjectFC\CodeForVSC\vacmK.cpp", "C++", 0, 33, 0, 0, 0, 0, 0, 0, 0, 0, 0, 0, 0, 0, 0, 0, 33
"c:\Users\F_CIL\ProjectFC\CodeForVSC\vacmL.cpp", "C++", 0, 33, 0, 0, 0, 0, 0, 0, 0, 0, 0, 0, 0, 0, 14, 0, 47
"c:\Users\F_CIL\ProjectFC\CodeForVSC\vacmM.cpp", "C++", 0, 28, 0, 0, 0, 0, 0, 0, 0, 0, 0, 0, 0, 0, 6, 0, 34
"c:\Users\F_CIL\ProjectFC\CodeForVSC\vacmN.cpp", "C++", 0, 29, 0, 0, 0, 0, 0, 0, 0, 0, 0, 0, 0, 0, 19, 1, 49
"c:\Users\F_CIL\ProjectFC\CodeForVSC\vacmP.cpp", "C++", 0, 21, 0, 0, 0, 0, 0, 0, 0, 0, 0, 0, 0, 0, 1, 0, 22
"c:\Users\F_CIL\ProjectFC\CodeForVSC\why.cpp", "C++", 0, 96, 0, 0, 0, 0, 0, 0, 0, 0, 0, 0, 0, 0, 3, 2, 101
"c:\Users\F_CIL\ProjectFC\CodeForVSC\xdxb1a.cpp", "C++", 0, 44, 0, 0, 0, 0, 0, 0, 0, 0, 0, 0, 0, 0, 0, 1, 45
"c:\Users\F_CIL\ProjectFC\CodeForVSC\xdxb1b.cpp", "C++", 0, 40, 0, 0, 0, 0, 0, 0, 0, 0, 0, 0, 0, 0, 0, 1, 41
"c:\Users\F_CIL\ProjectFC\CodeForVSC\xdxb1c.cpp", "C++", 0, 40, 0, 0, 0, 0, 0, 0, 0, 0, 0, 0, 0, 0, 0, 1, 41
"c:\Users\F_CIL\ProjectFC\CodeForVSC\xdxb1d.cpp", "C++", 0, 53, 0, 0, 0, 0, 0, 0, 0, 0, 0, 0, 0, 0, 17, 10, 80
"c:\Users\F_CIL\ProjectFC\CodeForVSC\xdxb1e.cpp", "C++", 0, 14, 0, 0, 0, 0, 0, 0, 0, 0, 0, 0, 0, 0, 0, 1, 15
"c:\Users\F_CIL\ProjectFC\CodeForVSC\xdxb1f.cpp", "C++", 0, 37, 0, 0, 0, 0, 0, 0, 0, 0, 0, 0, 0, 0, 0, 1, 38
"c:\Users\F_CIL\ProjectFC\CodeForVSC\xdxb1g.cpp", "C++", 0, 30, 0, 0, 0, 0, 0, 0, 0, 0, 0, 0, 0, 0, 0, 0, 30
"c:\Users\F_CIL\ProjectFC\CodeForVSC\xdxb1h.cpp", "C++", 0, 55, 0, 0, 0, 0, 0, 0, 0, 0, 0, 0, 0, 0, 7, 0, 62
"c:\Users\F_CIL\ProjectFC\CodeForVSC\xdxb1i.cpp", "C++", 0, 14, 0, 0, 0, 0, 0, 0, 0, 0, 0, 0, 0, 0, 0, 1, 15
"c:\Users\F_CIL\ProjectFC\CodeForVSC\xdxb1j.cpp", "C++", 0, 14, 0, 0, 0, 0, 0, 0, 0, 0, 0, 0, 0, 0, 1, 1, 16
"c:\Users\F_CIL\ProjectFC\CodeForVSC\xdxb2a.cpp", "C++", 0, 67, 0, 0, 0, 0, 0, 0, 0, 0, 0, 0, 0, 0, 7, 0, 74
"c:\Users\F_CIL\ProjectFC\CodeForVSC\xdxb2b.cpp", "C++", 0, 34, 0, 0, 0, 0, 0, 0, 0, 0, 0, 0, 0, 0, 0, 0, 34
"c:\Users\F_CIL\ProjectFC\CodeForVSC\xdxb2c.cpp", "C++", 0, 14, 0, 0, 0, 0, 0, 0, 0, 0, 0, 0, 0, 0, 0, 1, 15
"c:\Users\F_CIL\ProjectFC\CodeForVSC\xdxb2d.cpp", "C++", 0, 14, 0, 0, 0, 0, 0, 0, 0, 0, 0, 0, 0, 0, 0, 1, 15
"c:\Users\F_CIL\ProjectFC\CodeForVSC\xdxb2f.cpp", "C++", 0, 29, 0, 0, 0, 0, 0, 0, 0, 0, 0, 0, 0, 0, 0, 1, 30
"c:\Users\F_CIL\ProjectFC\CodeForVSC\xdxb2g.cpp", "C++", 0, 48, 0, 0, 0, 0, 0, 0, 0, 0, 0, 0, 0, 0, 4, 0, 52
"c:\Users\F_CIL\ProjectFC\CodeForVSC\xdxb2h.cpp", "C++", 0, 35, 0, 0, 0, 0, 0, 0, 0, 0, 0, 0, 0, 0, 12, 1, 48
"c:\Users\F_CIL\ProjectFC\CodeForVSC\xdxb2i.cpp", "C++", 0, 36, 0, 0, 0, 0, 0, 0, 0, 0, 0, 0, 0, 0, 0, 3, 39
"c:\Users\F_CIL\ProjectFC\CodeForVSC\xdxb3a.cpp", "C++", 0, 97, 0, 0, 0, 0, 0, 0, 0, 0, 0, 0, 0, 0, 26, 0, 123
"c:\Users\F_CIL\ProjectFC\CodeForVSC\xdxb3b.cpp", "C++", 0, 29, 0, 0, 0, 0, 0, 0, 0, 0, 0, 0, 0, 0, 0, 0, 29
"c:\Users\F_CIL\ProjectFC\CodeForVSC\xdxb3c.cpp", "C++", 0, 29, 0, 0, 0, 0, 0, 0, 0, 0, 0, 0, 0, 0, 0, 1, 30
"c:\Users\F_CIL\ProjectFC\CodeForVSC\xdxb3d.cpp", "C++", 0, 58, 0, 0, 0, 0, 0, 0, 0, 0, 0, 0, 0, 0, 19, 0, 77
"c:\Users\F_CIL\ProjectFC\CodeForVSC\xdxb3e.cpp", "C++", 0, 54, 0, 0, 0, 0, 0, 0, 0, 0, 0, 0, 0, 0, 0, 1, 55
"c:\Users\F_CIL\ProjectFC\CodeForVSC\xdxb3f.cpp", "C++", 0, 23, 0, 0, 0, 0, 0, 0, 0, 0, 0, 0, 0, 0, 0, 0, 23
"c:\Users\F_CIL\ProjectFC\CodeForVSC\xdxb3g.cpp", "C++", 0, 38, 0, 0, 0, 0, 0, 0, 0, 0, 0, 0, 0, 0, 0, 0, 38
"c:\Users\F_CIL\ProjectFC\CodeForVSC\xdxb3h.cpp", "C++", 0, 154, 0, 0, 0, 0, 0, 0, 0, 0, 0, 0, 0, 0, 22, 21, 197
"c:\Users\F_CIL\ProjectFC\CodeForVSC\xdxb3i.cpp", "C++", 0, 36, 0, 0, 0, 0, 0, 0, 0, 0, 0, 0, 0, 0, 5, 6, 47
"c:\Users\F_CIL\ProjectFC\CodeForVSC\xdxb4a.cpp", "C++", 0, 38, 0, 0, 0, 0, 0, 0, 0, 0, 0, 0, 0, 0, 0, 0, 38
"c:\Users\F_CIL\ProjectFC\CodeForVSC\xdxb4b.cpp", "C++", 0, 21, 0, 0, 0, 0, 0, 0, 0, 0, 0, 0, 0, 0, 0, 1, 22
"c:\Users\F_CIL\ProjectFC\CodeForVSC\xdxb4c.cpp", "C++", 0, 36, 0, 0, 0, 0, 0, 0, 0, 0, 0, 0, 0, 0, 0, 0, 36
"c:\Users\F_CIL\ProjectFC\CodeForVSC\xdxb4d.cpp", "C++", 0, 21, 0, 0, 0, 0, 0, 0, 0, 0, 0, 0, 0, 0, 0, 1, 22
"c:\Users\F_CIL\ProjectFC\CodeForVSC\xdxb4e.cpp", "C++", 0, 45, 0, 0, 0, 0, 0, 0, 0, 0, 0, 0, 0, 0, 0, 1, 46
"c:\Users\F_CIL\ProjectFC\CodeForVSC\xdxb4f.cpp", "C++", 0, 21, 0, 0, 0, 0, 0, 0, 0, 0, 0, 0, 0, 0, 0, 1, 22
"c:\Users\F_CIL\ProjectFC\CodeForVSC\xdxb4g.cpp", "C++", 0, 30, 0, 0, 0, 0, 0, 0, 0, 0, 0, 0, 0, 0, 12, 3, 45
"c:\Users\F_CIL\ProjectFC\CodeForVSC\xdxb4h.cpp", "C++", 0, 21, 0, 0, 0, 0, 0, 0, 0, 0, 0, 0, 0, 0, 0, 1, 22
"c:\Users\F_CIL\ProjectFC\CodeForVSC\xdxb4i.cpp", "C++", 0, 21, 0, 0, 0, 0, 0, 0, 0, 0, 0, 0, 0, 0, 0, 1, 22
"c:\Users\F_CIL\ProjectFC\CodeForVSC\xdxb5a.cpp", "C++", 0, 50, 0, 0, 0, 0, 0, 0, 0, 0, 0, 0, 0, 0, 0, 6, 56
"c:\Users\F_CIL\ProjectFC\CodeForVSC\xdxb5b.cpp", "C++", 0, 25, 0, 0, 0, 0, 0, 0, 0, 0, 0, 0, 0, 0, 0, 1, 26
"c:\Users\F_CIL\ProjectFC\CodeForVSC\xdxb5c.cpp", "C++", 0, 108, 0, 0, 0, 0, 0, 0, 0, 0, 0, 0, 0, 0, 8, 1, 117
"c:\Users\F_CIL\ProjectFC\CodeForVSC\xdxb5d.cpp", "C++", 0, 12, 0, 0, 0, 0, 0, 0, 0, 0, 0, 0, 0, 0, 0, 1, 13
"c:\Users\F_CIL\ProjectFC\CodeForVSC\xdxb5e.cpp", "C++", 0, 24, 0, 0, 0, 0, 0, 0, 0, 0, 0, 0, 0, 0, 0, 0, 24
"c:\Users\F_CIL\ProjectFC\CodeForVSC\xdxb5f.cpp", "C++", 0, 39, 0, 0, 0, 0, 0, 0, 0, 0, 0, 0, 0, 0, 0, 0, 39
"c:\Users\F_CIL\ProjectFC\CodeForVSC\xdxb5g.cpp", "C++", 0, 12, 0, 0, 0, 0, 0, 0, 0, 0, 0, 0, 0, 0, 0, 1, 13
"c:\Users\F_CIL\ProjectFC\CodeForVSC\xdxb5h.cpp", "C++", 0, 12, 0, 0, 0, 0, 0, 0, 0, 0, 0, 0, 0, 0, 0, 1, 13
"c:\Users\F_CIL\ProjectFC\CodeForVSC\xdxb5i.cpp", "C++", 0, 12, 0, 0, 0, 0, 0, 0, 0, 0, 0, 0, 0, 0, 1, 1, 14
"c:\Users\F_CIL\ProjectFC\CodeForVSC\xdxl1a.cpp", "C++", 0, 26, 0, 0, 0, 0, 0, 0, 0, 0, 0, 0, 0, 0, 0, 0, 26
"c:\Users\F_CIL\ProjectFC\CodeForVSC\xdxl1c.cpp", "C++", 0, 143, 0, 0, 0, 0, 0, 0, 0, 0, 0, 0, 0, 0, 8, 0, 151
"c:\Users\F_CIL\ProjectFC\CodeForVSC\xdxl1i.cpp", "C++", 0, 84, 0, 0, 0, 0, 0, 0, 0, 0, 0, 0, 0, 0, 0, 0, 84
"c:\Users\F_CIL\ProjectFC\CodeForVSC\xdxl1k.cpp", "C++", 0, 87, 0, 0, 0, 0, 0, 0, 0, 0, 0, 0, 0, 0, 0, 0, 87
"c:\Users\F_CIL\ProjectFC\CodeForVSC\xdxl1l.cpp", "C++", 0, 28, 0, 0, 0, 0, 0, 0, 0, 0, 0, 0, 0, 0, 0, 0, 28
"c:\Users\F_CIL\ProjectFC\CodeForVSC\xdxl2a.cpp", "C++", 0, 64, 0, 0, 0, 0, 0, 0, 0, 0, 0, 0, 0, 0, 0, 4, 68
"c:\Users\F_CIL\ProjectFC\CodeForVSC\xdxl2d.cpp", "C++", 0, 57, 0, 0, 0, 0, 0, 0, 0, 0, 0, 0, 0, 0, 0, 0, 57
"c:\Users\F_CIL\ProjectFC\CodeForVSC\xdxl2e.cpp", "C++", 0, 83, 0, 0, 0, 0, 0, 0, 0, 0, 0, 0, 0, 0, 28, 1, 112
"c:\Users\F_CIL\ProjectFC\CodeForVSC\xdxl2g.cpp", "C++", 0, 87, 0, 0, 0, 0, 0, 0, 0, 0, 0, 0, 0, 0, 21, 1, 109
"c:\Users\F_CIL\ProjectFC\CodeForVSC\xdxl2h.cpp", "C++", 0, 44, 0, 0, 0, 0, 0, 0, 0, 0, 0, 0, 0, 0, 0, 0, 44
"c:\Users\F_CIL\ProjectFC\CodeForVSC\xdxl3a.cpp", "C++", 0, 30, 0, 0, 0, 0, 0, 0, 0, 0, 0, 0, 0, 0, 0, 0, 30
"c:\Users\F_CIL\ProjectFC\CodeForVSC\xdxl3b.cpp", "C++", 0, 40, 0, 0, 0, 0, 0, 0, 0, 0, 0, 0, 0, 0, 0, 0, 40
"c:\Users\F_CIL\ProjectFC\CodeForVSC\xdxl3e.cpp", "C++", 0, 26, 0, 0, 0, 0, 0, 0, 0, 0, 0, 0, 0, 0, 0, 1, 27
"c:\Users\F_CIL\ProjectFC\CodeForVSC\xdxl3f.cpp", "C++", 0, 62, 0, 0, 0, 0, 0, 0, 0, 0, 0, 0, 0, 0, 0, 2, 64
"c:\Users\F_CIL\ProjectFC\CodeForVSC\xdxl3j.cpp", "C++", 0, 81, 0, 0, 0, 0, 0, 0, 0, 0, 0, 0, 0, 0, 5, 0, 86
"c:\Users\F_CIL\ProjectFC\CodeForVSC\xdxl4d.cpp", "C++", 0, 26, 0, 0, 0, 0, 0, 0, 0, 0, 0, 0, 0, 0, 0, 0, 26
"c:\Users\F_CIL\ProjectFC\CodeForVSC\xdxl4f.cpp", "C++", 0, 68, 0, 0, 0, 0, 0, 0, 0, 0, 0, 0, 0, 0, 0, 0, 68
"c:\Users\F_CIL\ProjectFC\CodeForVSC\xdxl4i.cpp", "C++", 0, 56, 0, 0, 0, 0, 0, 0, 0, 0, 0, 0, 0, 0, 0, 1, 57
"c:\Users\F_CIL\ProjectFC\CodeForVSC\xdxl5a.cpp", "C++", 0, 28, 0, 0, 0, 0, 0, 0, 0, 0, 0, 0, 0, 0, 0, 0, 28
"c:\Users\F_CIL\ProjectFC\CodeForVSC\xdxl5b.cpp", "C++", 0, 77, 0, 0, 0, 0, 0, 0, 0, 0, 0, 0, 0, 0, 17, 0, 94
"c:\Users\F_CIL\ProjectFC\CodeForVSC\xdxl5e.cpp", "C++", 0, 44, 0, 0, 0, 0, 0, 0, 0, 0, 0, 0, 0, 0, 6, 0, 50
"c:\Users\F_CIL\ProjectFC\CodeForVSC\xdxl5j.cpp", "C++", 0, 43, 0, 0, 0, 0, 0, 0, 0, 0, 0, 0, 0, 0, 1, 1, 45
"c:\Users\F_CIL\ProjectFC\CodeForVSC\xdxl6a.cpp", "C++", 0, 23, 0, 0, 0, 0, 0, 0, 0, 0, 0, 0, 0, 0, 0, 0, 23
"c:\Users\F_CIL\ProjectFC\CodeForVSC\xdxl6b.cpp", "C++", 0, 33, 0, 0, 0, 0, 0, 0, 0, 0, 0, 0, 0, 0, 7, 1, 41
"c:\Users\F_CIL\ProjectFC\CodeForVSC\xdxl6c.cpp", "C++", 0, 41, 0, 0, 0, 0, 0, 0, 0, 0, 0, 0, 0, 0, 0, 0, 41
"c:\Users\F_CIL\ProjectFC\CodeForVSC\xdxl6d.cpp", "C++", 0, 63, 0, 0, 0, 0, 0, 0, 0, 0, 0, 0, 0, 0, 34, 0, 97
"c:\Users\F_CIL\ProjectFC\CodeForVSC\xdxl6e.cpp", "C++", 0, 43, 0, 0, 0, 0, 0, 0, 0, 0, 0, 0, 0, 0, 5, 0, 48
"c:\Users\F_CIL\ProjectFC\CodeForVSC\xdxl7b.cpp", "C++", 0, 50, 0, 0, 0, 0, 0, 0, 0, 0, 0, 0, 0, 0, 5, 0, 55
"c:\Users\F_CIL\ProjectFC\CodeForVSC\xdxl7c.cpp", "C++", 0, 61, 0, 0, 0, 0, 0, 0, 0, 0, 0, 0, 0, 0, 12, 1, 74
"c:\Users\F_CIL\ProjectFC\CodeForVSC\xdxl7d.cpp", "C++", 0, 51, 0, 0, 0, 0, 0, 0, 0, 0, 0, 0, 0, 0, 4, 0, 55
"c:\Users\F_CIL\ProjectFC\CodeForVSC\xdxl8a.cpp", "C++", 0, 70, 0, 0, 0, 0, 0, 0, 0, 0, 0, 0, 0, 0, 0, 0, 70
"c:\Users\F_CIL\ProjectFC\CodeForVSC\xdxl8b.cpp", "C++", 0, 48, 0, 0, 0, 0, 0, 0, 0, 0, 0, 0, 0, 0, 0, 0, 48
"c:\Users\F_CIL\ProjectFC\CodeForVSC\xdxl8c.cpp", "C++", 0, 43, 0, 0, 0, 0, 0, 0, 0, 0, 0, 0, 0, 0, 0, 0, 43
"c:\Users\F_CIL\ProjectFC\CodeForVSC\xdxl8d.cpp", "C++", 0, 16, 0, 0, 0, 0, 0, 0, 0, 0, 0, 0, 0, 0, 0, 1, 17
"c:\Users\F_CIL\ProjectFC\CodeForVSC\xdxl8f.cpp", "C++", 0, 31, 0, 0, 0, 0, 0, 0, 0, 0, 0, 0, 0, 0, 1, 6, 38
"c:\Users\F_CIL\ProjectFC\CodeForVSC\xdxl8l.cpp", "C++", 0, 33, 0, 0, 0, 0, 0, 0, 0, 0, 0, 0, 0, 0, 30, 2, 65
"c:\Users\F_CIL\ProjectFC\CodeForVSC\xdxl9b.cpp", "C++", 0, 26, 0, 0, 0, 0, 0, 0, 0, 0, 0, 0, 0, 0, 0, 0, 26
"c:\Users\F_CIL\ProjectFC\CodeForVSC\xdxl9k.cpp", "C++", 0, 34, 0, 0, 0, 0, 0, 0, 0, 0, 0, 0, 0, 0, 0, 1, 35
"c:\Users\F_CIL\ProjectFC\CodeForVSC\xjsx1a.cpp", "C++", 0, 37, 0, 0, 0, 0, 0, 0, 0, 0, 0, 0, 0, 0, 0, 0, 37
"c:\Users\F_CIL\ProjectFC\CodeForVSC\xjsx1b.cpp", "C++", 0, 33, 0, 0, 0, 0, 0, 0, 0, 0, 0, 0, 0, 0, 0, 0, 33
"c:\Users\F_CIL\ProjectFC\CodeForVSC\xjsx1d.cpp", "C++", 0, 32, 0, 0, 0, 0, 0, 0, 0, 0, 0, 0, 0, 0, 4, 0, 36
"c:\Users\F_CIL\ProjectFC\CodeForVSC\xjsx1j.cpp", "C++", 0, 22, 0, 0, 0, 0, 0, 0, 0, 0, 0, 0, 0, 0, 0, 0, 22
"c:\Users\F_CIL\ProjectFC\CodeForVSC\xsjsA.cpp", "C++", 0, 28, 0, 0, 0, 0, 0, 0, 0, 0, 0, 0, 0, 0, 0, 9, 37
"c:\Users\F_CIL\ProjectFC\CodeForVSC\xsjsB.cpp", "C++", 0, 83, 0, 0, 0, 0, 0, 0, 0, 0, 0, 0, 0, 0, 9, 18, 110
"c:\Users\F_CIL\ProjectFC\CodeForVSC\xsjsC.cpp", "C++", 0, 29, 0, 0, 0, 0, 0, 0, 0, 0, 0, 0, 0, 0, 0, 8, 37
"c:\Users\F_CIL\ProjectFC\CodeForVSC\xsjsD.cpp", "C++", 0, 12, 0, 0, 0, 0, 0, 0, 0, 0, 0, 0, 0, 0, 17, 7, 36
"c:\Users\F_CIL\ProjectFC\CodeForVSC\xsjsF.cpp", "C++", 0, 91, 0, 0, 0, 0, 0, 0, 0, 0, 0, 0, 0, 0, 18, 20, 129
"c:\Users\F_CIL\ProjectFC\CodeForVSC\yubitest.cpp", "C++", 0, 37, 0, 0, 0, 0, 0, 0, 0, 0, 0, 0, 0, 0, 3, 10, 50
"c:\Users\F_CIL\ProjectFC\CodeForVSC\zhy.cpp", "C++", 0, 18, 0, 0, 0, 0, 0, 0, 0, 0, 0, 0, 0, 0, 11, 0, 29
"c:\Users\F_CIL\ProjectFC\CodeForVSC\zy23.cpp", "C++", 0, 52, 0, 0, 0, 0, 0, 0, 0, 0, 0, 0, 0, 0, 1, 1, 54
"c:\Users\F_CIL\ProjectFC\CodeForVSC\zy3.cpp", "C++", 0, 53, 0, 0, 0, 0, 0, 0, 0, 0, 0, 0, 0, 0, 7, 4, 64
"c:\Users\F_CIL\ProjectFC\CodeForVSC\zyq.cpp", "C++", 0, 11, 0, 0, 0, 0, 0, 0, 0, 0, 0, 0, 0, 0, 0, 2, 13
"Total", "-", 3163, 30824, 3233, 308, 89, 153, 47, 11, 279, 206, 14, 19, 156, 9, 4845, 4812, 48168